App Id,App Name,Keyword,Brand,Volume,Max. Volume,Difficulty,Chance,KEI,Results,Rank,Rank Status,Growth (Yesterday),Monthly Downloads,Maximum Reach,Conversion Rate,Relevancy Score
com.control.widget.custom.panel.wallpaper.pack,Control Widget: Theme & Panels,ios,false,59,59,42,73,84,211,Unranked,unranked,0,0,102160,0,null
com.control.widget.custom.panel.wallpaper.pack,Control Widget: Theme & Panels,widgets,false,59,62,41,73,84,247,99,estimated,0,0,106260,0,null
com.control.widget.custom.panel.wallpaper.pack,Control Widget: Theme & Panels,suporte apple,false,57,60,80,56,67,250,Unranked,unranked,0,0,76075,0,null
com.control.widget.custom.panel.wallpaper.pack,Control Widget: Theme & Panels,iphone,false,57,59,41,73,83,248,Unranked,unranked,0,0,78749,0,null
com.control.widget.custom.panel.wallpaper.pack,Control Widget: Theme & Panels,widget,false,53,73,4,73,79,249,94,estimated,0,0,49536,0,null
com.control.widget.custom.panel.wallpaper.pack,Control Widget: Theme & Panels,color widgets,true,49,63,8,73,76,247,94,estimated,0,0,36450,0,null
com.control.widget.custom.panel.wallpaper.pack,Control Widget: Theme & Panels,temas,false,48,58,17,73,75,250,18,ranked,1,69,28484,0.24,null
com.control.widget.custom.panel.wallpaper.pack,Control Widget: Theme & Panels,apple store,false,47,51,88,48,53,202,Unranked,unranked,0,0,22871,0,null
com.control.widget.custom.panel.wallpaper.pack,Control Widget: Theme & Panels,dynamic island,false,46,47,0,73,74,250,Unranked,unranked,0,0,18164,0,null
com.control.widget.custom.panel.wallpaper.pack,Control Widget: Theme & Panels,temas para iphone gratis,false,39,41,16,73,67,217,46,estimated,0,9,6918,0.13,null
com.control.widget.custom.panel.wallpaper.pack,Control Widget: Theme & Panels,widgy,false,38,47,30,73,66,247,143,ranked,undefined,0,5492,0,null
com.control.widget.custom.panel.wallpaper.pack,Control Widget: Theme & Panels,tema iphone,false,34,34,26,73,61,250,102,ranked,undefined,0,3374,0,null
com.control.widget.custom.panel.wallpaper.pack,Control Widget: Theme & Panels,icones para celular,false,30,40,7,73,55,250,168,ranked,undefined,0,1953,0,null
com.control.widget.custom.panel.wallpaper.pack,Control Widget: Theme & Panels,personalização,false,29,40,14,73,54,243,75,ranked,11,0,1184,0,null
com.control.widget.custom.panel.wallpaper.pack,Control Widget: Theme & Panels,os26 launcher,false,25,36,0,73,49,50,Unranked,unranked,undefined,0,923,0,null
com.control.widget.custom.panel.wallpaper.pack,Control Widget: Theme & Panels,os17 control center,false,25,25,0,73,49,50,Unranked,unranked,undefined,0,970,0,null
com.control.widget.custom.panel.wallpaper.pack,Control Widget: Theme & Panels,control,false,25,64,34,73,49,229,60,estimated,0,9,73076,0.01,null
com.control.widget.custom.panel.wallpaper.pack,Control Widget: Theme & Panels,centro de controle,false,25,26,0,73,49,242,74,ranked,0,0,334,0,null
com.control.widget.custom.panel.wallpaper.pack,Control Widget: Theme & Panels,panel,false,25,25,18,73,49,248,65,estimated,0,0,951,0,null
com.control.widget.custom.panel.wallpaper.pack,Control Widget: Theme & Panels,peluncur ios 26,true,21,32,30,73,43,50,Unranked,unranked,undefined,0,548,0,null
com.control.widget.custom.panel.wallpaper.pack,Control Widget: Theme & Panels,os 26 launcher,false,21,32,2,73,43,50,Unranked,unranked,undefined,0,548,0,null
com.control.widget.custom.panel.wallpaper.pack,Control Widget: Theme & Panels,os launcher,false,21,32,10,73,43,50,Unranked,unranked,undefined,0,582,0,null
com.control.widget.custom.panel.wallpaper.pack,Control Widget: Theme & Panels,thèmes,false,21,21,9,73,43,50,Unranked,unranked,undefined,0,543,0,null
com.control.widget.custom.panel.wallpaper.pack,Control Widget: Theme & Panels,thème,false,21,21,0,73,43,50,12,ranked,4,2,521,0.38,null
com.control.widget.custom.panel.wallpaper.pack,Control Widget: Theme & Panels,mi control center,true,18,18,45,73,39,243,Unranked,unranked,undefined,0,380,0,null
com.control.widget.custom.panel.wallpaper.pack,Control Widget: Theme & Panels,ios notifications,false,18,18,43,73,39,50,Unranked,unranked,undefined,0,351,0,null
com.control.widget.custom.panel.wallpaper.pack,Control Widget: Theme & Panels,control center,false,18,37,0,73,39,250,101,estimated,0,0,369,0,null
com.control.widget.custom.panel.wallpaper.pack,Control Widget: Theme & Panels,ios control center,false,18,30,0,73,39,250,159,estimated,0,0,356,0,null
com.control.widget.custom.panel.wallpaper.pack,Control Widget: Theme & Panels,self control,false,18,30,10,73,39,50,Unranked,unranked,undefined,0,368,0,null
com.control.widget.custom.panel.wallpaper.pack,Control Widget: Theme & Panels,tema para celular,false,18,36,6,73,39,250,62,ranked,6,0,482,0,null
com.control.widget.custom.panel.wallpaper.pack,Control Widget: Theme & Panels,temas para celular,false,18,36,11,73,39,249,71,ranked,-1,0,416,0,null
com.control.widget.custom.panel.wallpaper.pack,Control Widget: Theme & Panels,tema de iphone,false,18,30,24,73,39,249,73,ranked,undefined,0,359,0,null
com.control.widget.custom.panel.wallpaper.pack,Control Widget: Theme & Panels,icontrol,false,16,16,30,73,37,226,154,ranked,undefined,0,269,0,null
com.control.widget.custom.panel.wallpaper.pack,Control Widget: Theme & Panels,decorar celular,false,15,33,31,73,35,240,23,estimated,0,0,388,0,null
com.control.widget.custom.panel.wallpaper.pack,Control Widget: Theme & Panels,ios interface,false,14,26,45,73,34,50,Unranked,unranked,undefined,0,205,0,null
com.control.widget.custom.panel.wallpaper.pack,Control Widget: Theme & Panels,tema minimalista,false,14,26,0,73,34,50,Unranked,unranked,undefined,0,206,0,null
com.control.widget.custom.panel.wallpaper.pack,Control Widget: Theme & Panels,ios theme for android,false,14,26,4,73,34,50,Unranked,unranked,undefined,0,214,0,null
com.control.widget.custom.panel.wallpaper.pack,Control Widget: Theme & Panels,centro de controle ios,false,14,14,0,73,34,50,Unranked,unranked,undefined,0,214,0,null
com.control.widget.custom.panel.wallpaper.pack,Control Widget: Theme & Panels,ia widget,false,14,14,21,73,34,249,Unranked,unranked,0,0,199,0,null
com.control.widget.custom.panel.wallpaper.pack,Control Widget: Theme & Panels,crie widgets,false,14,14,5,73,34,248,171,ranked,undefined,0,211,0,null
com.control.widget.custom.panel.wallpaper.pack,Control Widget: Theme & Panels,bar widget,false,14,26,3,73,34,50,Unranked,unranked,-217,0,211,0,null
com.control.widget.custom.panel.wallpaper.pack,Control Widget: Theme & Panels,tema fofo para celular,false,14,26,3,73,34,50,Unranked,unranked,undefined,0,203,0,null
com.control.widget.custom.panel.wallpaper.pack,Control Widget: Theme & Panels,themekit themes and widgets,true,14,14,11,73,34,50,46,ranked,-2,0,216,0,null
com.control.widget.custom.panel.wallpaper.pack,Control Widget: Theme & Panels,decore seu celular,false,14,26,19,73,34,50,Unranked,unranked,undefined,0,211,0,null
com.control.widget.custom.panel.wallpaper.pack,Control Widget: Theme & Panels,tema tema,false,14,26,16,73,34,50,Unranked,unranked,undefined,0,199,0,null
com.control.widget.custom.panel.wallpaper.pack,Control Widget: Theme & Panels,tela inicial personalizada,false,14,26,3,73,34,249,94,ranked,157,0,46,0,null
com.control.widget.custom.panel.wallpaper.pack,Control Widget: Theme & Panels,ipad widgets,false,14,26,20,73,34,50,Unranked,unranked,undefined,0,205,0,null
com.control.widget.custom.panel.wallpaper.pack,Control Widget: Theme & Panels,tema ios para android,false,14,26,37,73,34,50,Unranked,unranked,undefined,0,196,0,null
com.control.widget.custom.panel.wallpaper.pack,Control Widget: Theme & Panels,tema iphone para android,false,14,26,25,73,34,50,Unranked,unranked,undefined,0,220,0,null
com.control.widget.custom.panel.wallpaper.pack,Control Widget: Theme & Panels,tema android,false,14,26,8,73,34,50,Unranked,unranked,undefined,0,200,0,null
com.control.widget.custom.panel.wallpaper.pack,Control Widget: Theme & Panels,tema app,false,14,26,7,73,34,50,Unranked,unranked,undefined,0,204,0,null
com.control.widget.custom.panel.wallpaper.pack,Control Widget: Theme & Panels,temas lindos,false,14,24,5,73,34,214,Unranked,unranked,0,0,165,0,null
com.control.widget.custom.panel.wallpaper.pack,Control Widget: Theme & Panels,tema gratis,false,14,26,12,73,34,239,42,ranked,undefined,0,217,0,null
com.control.widget.custom.panel.wallpaper.pack,Control Widget: Theme & Panels,theme changer,false,14,26,0,73,34,240,111,estimated,0,0,199,0,null
com.control.widget.custom.panel.wallpaper.pack,Control Widget: Theme & Panels,tema para celular gratis,false,14,26,8,73,34,250,61,ranked,undefined,0,219,0,null
com.control.widget.custom.panel.wallpaper.pack,Control Widget: Theme & Panels,theme app,false,14,18,14,73,34,237,20,ranked,16,0,209,0,null
com.control.widget.custom.panel.wallpaper.pack,Control Widget: Theme & Panels,tema widget,false,14,24,4,73,34,249,25,estimated,0,1,140,0.71,null
com.control.widget.custom.panel.wallpaper.pack,Control Widget: Theme & Panels,themed,false,14,26,1,73,34,50,Unranked,unranked,0,0,210,0,null
com.control.widget.custom.panel.wallpaper.pack,Control Widget: Theme & Panels,easy widgets themes,true,14,14,13,73,34,50,24,ranked,undefined,0,216,0,null
com.control.widget.custom.panel.wallpaper.pack,Control Widget: Theme & Panels,lock widget lock screen,false,12,24,4,73,31,50,Unranked,unranked,undefined,0,160,0,null
com.control.widget.custom.panel.wallpaper.pack,Control Widget: Theme & Panels,app themes,false,12,24,9,73,31,50,48,ranked,2,0,163,0,null
com.control.widget.custom.panel.wallpaper.pack,Control Widget: Theme & Panels,para personalizar o celular,false,12,24,10,73,31,50,46,ranked,undefined,0,168,0,null
com.control.widget.custom.panel.wallpaper.pack,Control Widget: Theme & Panels,cool themes,false,12,12,0,73,31,50,Unranked,unranked,0,0,154,0,null
com.control.widget.custom.panel.wallpaper.pack,Control Widget: Theme & Panels,theme iphone,false,12,24,26,73,31,50,Unranked,unranked,undefined,0,154,0,null
com.control.widget.custom.panel.wallpaper.pack,Control Widget: Theme & Panels,phone decoration,false,12,22,25,73,31,225,134,estimated,0,0,108,0,null
com.control.widget.custom.panel.wallpaper.pack,Control Widget: Theme & Panels,tema phone,false,12,24,5,73,31,250,101,ranked,2,0,162,0,null
com.control.widget.custom.panel.wallpaper.pack,Control Widget: Theme & Panels,decorar telefone,false,12,20,35,73,31,246,50,estimated,0,0,95,0,null
com.control.widget.custom.panel.wallpaper.pack,Control Widget: Theme & Panels,theme kit themes and widgets,true,12,12,14,73,31,50,43,ranked,-1,0,153,0,null
com.control.widget.custom.panel.wallpaper.pack,Control Widget: Theme & Panels,cute widget,false,12,12,2,73,31,50,Unranked,unranked,-205,0,160,0,null
com.control.widget.custom.panel.wallpaper.pack,Control Widget: Theme & Panels,theme customizer,false,12,12,5,73,31,50,27,ranked,17,0,156,0,null
com.control.widget.custom.panel.wallpaper.pack,Control Widget: Theme & Panels,control center ios,true,12,24,0,73,31,224,127,estimated,0,0,156,0,null
com.control.widget.custom.panel.wallpaper.pack,Control Widget: Theme & Panels,temas e widgets,false,12,12,17,73,31,228,Unranked,unranked,undefined,1,157,0.64,null
com.control.widget.custom.panel.wallpaper.pack,Control Widget: Theme & Panels,theming,false,12,12,14,73,31,50,Unranked,unranked,-229,0,157,0,null
com.control.widget.custom.panel.wallpaper.pack,Control Widget: Theme & Panels,temas personalizados,false,12,22,16,73,31,249,28,estimated,0,0,116,0,null
com.control.widget.custom.panel.wallpaper.pack,Control Widget: Theme & Panels,tema de celular,false,11,26,8,73,30,232,34,ranked,7,0,64,0,null
com.control.widget.custom.panel.wallpaper.pack,Control Widget: Theme & Panels,themepack,true,10,45,14,73,29,250,89,estimated,0,0,75,0,null
com.control.widget.custom.panel.wallpaper.pack,Control Widget: Theme & Panels,custom widgets,false,9,22,3,73,27,50,Unranked,unranked,undefined,0,101,0,null
com.control.widget.custom.panel.wallpaper.pack,Control Widget: Theme & Panels,center launcher,false,9,22,84,52,20,50,Unranked,unranked,undefined,0,100,0,null
com.control.widget.custom.panel.wallpaper.pack,Control Widget: Theme & Panels,ios navigation bar,false,9,9,0,73,27,50,Unranked,unranked,undefined,0,105,0,null
com.control.widget.custom.panel.wallpaper.pack,Control Widget: Theme & Panels,iphone quick settings,true,9,9,47,73,27,50,Unranked,unranked,undefined,0,104,0,null
com.control.widget.custom.panel.wallpaper.pack,Control Widget: Theme & Panels,control center ios 16,true,9,22,0,73,27,50,Unranked,unranked,undefined,0,108,0,null
com.control.widget.custom.panel.wallpaper.pack,Control Widget: Theme & Panels,control panel theme,true,9,9,10,75,28,50,8,ranked,undefined,0,106,0,null
com.control.widget.custom.panel.wallpaper.pack,Control Widget: Theme & Panels,iphone control center,false,9,22,0,73,27,50,Unranked,unranked,undefined,0,106,0,null
com.control.widget.custom.panel.wallpaper.pack,Control Widget: Theme & Panels,control center ios 26,true,9,9,40,73,27,245,97,ranked,undefined,0,105,0,null
com.control.widget.custom.panel.wallpaper.pack,Control Widget: Theme & Panels,widget ícon,false,9,9,4,73,27,50,Unranked,unranked,undefined,0,109,0,null
com.control.widget.custom.panel.wallpaper.pack,Control Widget: Theme & Panels,temas widget,false,9,9,7,73,27,50,25,ranked,undefined,0,107,0,null
com.control.widget.custom.panel.wallpaper.pack,Control Widget: Theme & Panels,temas elegantes,false,9,22,4,73,27,50,34,ranked,undefined,0,104,0,null
com.control.widget.custom.panel.wallpaper.pack,Control Widget: Theme & Panels,ícones temas,false,9,22,15,73,27,249,218,estimated,0,0,105,0,null
com.control.widget.custom.panel.wallpaper.pack,Control Widget: Theme & Panels,phone theme,false,9,0,8,73,27,50,39,ranked,1,0,109,0,null
com.control.widget.custom.panel.wallpaper.pack,Control Widget: Theme & Panels,phone themes,false,9,9,6,73,27,50,Unranked,unranked,0,0,104,0,null
com.control.widget.custom.panel.wallpaper.pack,Control Widget: Theme & Panels,decorate your phone,false,9,9,24,73,27,250,120,estimated,0,0,101,0,null
com.control.widget.custom.panel.wallpaper.pack,Control Widget: Theme & Panels,painel central,true,9,22,45,73,27,204,Unranked,unranked,0,0,100,0,null
com.control.widget.custom.panel.wallpaper.pack,Control Widget: Theme & Panels,personalização de celular,false,9,22,11,73,27,50,Unranked,unranked,undefined,0,108,0,null
com.control.widget.custom.panel.wallpaper.pack,Control Widget: Theme & Panels,personalizar celular,false,9,32,12,73,27,241,43,estimated,0,0,470,0,null
com.control.widget.custom.panel.wallpaper.pack,Control Widget: Theme & Panels,temas dinâmicos,false,9,22,0,73,27,50,Unranked,unranked,undefined,0,105,0,null
com.control.widget.custom.panel.wallpaper.pack,Control Widget: Theme & Panels,tema lindos,false,9,24,6,73,27,50,Unranked,unranked,undefined,0,104,0,null
com.control.widget.custom.panel.wallpaper.pack,Control Widget: Theme & Panels,temas divertidos,false,9,9,14,73,27,50,Unranked,unranked,undefined,0,104,0,null
com.control.widget.custom.panel.wallpaper.pack,Control Widget: Theme & Panels,theme wallpaper and widgets,false,9,9,20,73,27,50,16,ranked,undefined,0,102,0,null
com.control.widget.custom.panel.wallpaper.pack,Control Widget: Theme & Panels,temas bonitos para celular,false,9,22,7,73,27,50,36,ranked,undefined,0,108,0,null
com.control.widget.custom.panel.wallpaper.pack,Control Widget: Theme & Panels,iphone widgets,false,9,22,20,73,27,50,Unranked,unranked,undefined,0,103,0,null
com.control.widget.custom.panel.wallpaper.pack,Control Widget: Theme & Panels,control panel,false,9,20,0,73,27,249,25,estimated,0,0,104,0,null
com.control.widget.custom.panel.wallpaper.pack,Control Widget: Theme & Panels,theme screen,false,9,9,2,73,27,50,49,ranked,-12,0,105,0,null
com.control.widget.custom.panel.wallpaper.pack,Control Widget: Theme & Panels,temas coloridos,false,9,24,12,73,27,249,60,estimated,0,0,117,0,null
com.control.widget.custom.panel.wallpaper.pack,Control Widget: Theme & Panels,painel de controle,false,9,22,4,73,27,232,26,ranked,1,0,6,0,null
com.control.widget.custom.panel.wallpaper.pack,Control Widget: Theme & Panels,thème de téléphone,false,9,9,3,73,27,50,Unranked,unranked,-221,0,107,0,null
com.control.widget.custom.panel.wallpaper.pack,Control Widget: Theme & Panels,set themes,false,9,22,0,73,27,250,112,estimated,0,0,106,0,null
com.control.widget.custom.panel.wallpaper.pack,Control Widget: Theme & Panels,themes,false,8,36,3,73,26,250,91,estimated,0,0,155,0,null
com.control.widget.custom.panel.wallpaper.pack,Control Widget: Theme & Panels,widgets coloridos,false,8,26,36,73,26,247,106,estimated,0,0,113,0,null
com.control.widget.custom.panel.wallpaper.pack,Control Widget: Theme & Panels,theme panels,false,7,7,0,100,33,247,1,ranked,undefined,9,77,11.69,null
com.control.widget.custom.panel.wallpaper.pack,Control Widget: Theme & Panels,widgets os,true,7,20,18,73,25,225,Unranked,unranked,undefined,0,80,0,null
com.control.widget.custom.panel.wallpaper.pack,Control Widget: Theme & Panels,widget tela inicial,false,7,7,5,73,25,50,Unranked,unranked,undefined,0,81,0,null
com.control.widget.custom.panel.wallpaper.pack,Control Widget: Theme & Panels,apple control center,false,7,20,0,73,25,50,Unranked,unranked,undefined,0,78,0,null
com.control.widget.custom.panel.wallpaper.pack,Control Widget: Theme & Panels,control center xiaomi,false,7,7,25,73,25,50,Unranked,unranked,undefined,0,82,0,null
com.control.widget.custom.panel.wallpaper.pack,Control Widget: Theme & Panels,widget centro de control,false,7,7,0,73,25,250,27,ranked,undefined,0,79,0,null
com.control.widget.custom.panel.wallpaper.pack,Control Widget: Theme & Panels,control widget,true,7,7,2,73,25,50,13,ranked,undefined,0,79,0,null
com.control.widget.custom.panel.wallpaper.pack,Control Widget: Theme & Panels,kit de tema,false,7,9,7,73,25,50,Unranked,unranked,undefined,0,84,0,null
com.control.widget.custom.panel.wallpaper.pack,Control Widget: Theme & Panels,custom control panel os,true,7,7,35,73,25,50,46,ranked,-2,0,78,0,null
com.control.widget.custom.panel.wallpaper.pack,Control Widget: Theme & Panels,central de controle,false,7,34,0,73,25,246,79,ranked,-14,0,185,0,null
com.control.widget.custom.panel.wallpaper.pack,Control Widget: Theme & Panels,lock theme,false,7,12,4,73,25,50,Unranked,unranked,undefined,0,79,0,null
com.control.widget.custom.panel.wallpaper.pack,Control Widget: Theme & Panels,app customizer,false,7,20,5,73,25,50,Unranked,unranked,undefined,0,79,0,null
com.control.widget.custom.panel.wallpaper.pack,Control Widget: Theme & Panels,decorar el teléfono,false,7,20,36,73,25,249,31,estimated,0,0,15,0,null
com.control.widget.custom.panel.wallpaper.pack,Control Widget: Theme & Panels,app para personalizar o celular,false,7,20,12,73,25,50,Unranked,unranked,undefined,0,75,0,null
com.control.widget.custom.panel.wallpaper.pack,Control Widget: Theme & Panels,theme calling,false,7,0,0,73,25,223,Unranked,unranked,-197,0,81,0,null
com.control.widget.custom.panel.wallpaper.pack,Control Widget: Theme & Panels,organizar celular,false,7,29,19,73,25,50,Unranked,unranked,undefined,0,81,0,null
com.control.widget.custom.panel.wallpaper.pack,Control Widget: Theme & Panels,widgets estéticos,false,7,20,11,73,25,247,66,estimated,0,0,80,0,null
com.control.widget.custom.panel.wallpaper.pack,Control Widget: Theme & Panels,tema tela de bloqueio,false,7,26,4,73,25,219,88,estimated,0,0,180,0,null
com.control.widget.custom.panel.wallpaper.pack,Control Widget: Theme & Panels,phone quick,false,7,12,61,73,25,50,Unranked,unranked,undefined,0,80,0,null
com.control.widget.custom.panel.wallpaper.pack,Control Widget: Theme & Panels,iphone themes,false,7,20,33,73,25,50,Unranked,unranked,undefined,0,77,0,null
com.control.widget.custom.panel.wallpaper.pack,Control Widget: Theme & Panels,tema lindo para celular,false,7,24,5,73,25,50,Unranked,unranked,undefined,0,81,0,null
com.control.widget.custom.panel.wallpaper.pack,Control Widget: Theme & Panels,widgets e temas,true,7,7,21,73,25,50,Unranked,unranked,undefined,0,79,0,null
com.control.widget.custom.panel.wallpaper.pack,Control Widget: Theme & Panels,emoji widgets,false,7,22,14,73,25,50,Unranked,unranked,undefined,0,83,0,null
com.control.widget.custom.panel.wallpaper.pack,Control Widget: Theme & Panels,screen theme,false,7,0,3,73,25,50,15,ranked,3,0,80,0,null
com.control.widget.custom.panel.wallpaper.pack,Control Widget: Theme & Panels,iphone theme for android,false,7,20,26,73,25,248,136,ranked,undefined,0,77,0,null
com.control.widget.custom.panel.wallpaper.pack,Control Widget: Theme & Panels,turn android to ios,false,7,24,47,73,25,221,Unranked,unranked,0,0,82,0,null
com.control.widget.custom.panel.wallpaper.pack,Control Widget: Theme & Panels,widgets themes,false,5,5,20,73,22,236,33,ranked,undefined,0,0,0,null
com.control.widget.custom.panel.wallpaper.pack,Control Widget: Theme & Panels,iwidgets ios,false,5,5,20,73,22,50,Unranked,unranked,undefined,0,0,0,null
com.control.widget.custom.panel.wallpaper.pack,Control Widget: Theme & Panels,or home screen,false,5,5,28,73,22,50,Unranked,unranked,undefined,0,0,0,null
com.control.widget.custom.panel.wallpaper.pack,Control Widget: Theme & Panels,home screen and,false,5,5,3,73,22,50,Unranked,unranked,undefined,0,0,0,null
com.control.widget.custom.panel.wallpaper.pack,Control Widget: Theme & Panels,kit de widgets,false,5,5,19,73,22,50,Unranked,unranked,undefined,0,0,0,null
com.control.widget.custom.panel.wallpaper.pack,Control Widget: Theme & Panels,inicializador do os 26,false,5,5,4,73,22,50,Unranked,unranked,undefined,0,0,0,null
com.control.widget.custom.panel.wallpaper.pack,Control Widget: Theme & Panels,widget de tela inicial,false,5,0,14,73,22,50,Unranked,unranked,undefined,0,0,0,null
com.control.widget.custom.panel.wallpaper.pack,Control Widget: Theme & Panels,inicializados,false,5,5,0,73,22,50,Unranked,unranked,undefined,0,0,0,null
com.control.widget.custom.panel.wallpaper.pack,Control Widget: Theme & Panels,alternar celular,false,5,5,32,73,22,200,Unranked,unranked,undefined,0,0,0,null
com.control.widget.custom.panel.wallpaper.pack,Control Widget: Theme & Panels,iniciador 26,false,5,5,0,73,22,50,Unranked,unranked,undefined,0,0,0,null
com.control.widget.custom.panel.wallpaper.pack,Control Widget: Theme & Panels,home screen or,false,5,5,47,73,22,50,Unranked,unranked,undefined,0,0,0,null
com.control.widget.custom.panel.wallpaper.pack,Control Widget: Theme & Panels,launcher os,true,5,5,11,73,22,249,Unranked,unranked,undefined,0,0,0,null
com.control.widget.custom.panel.wallpaper.pack,Control Widget: Theme & Panels,the best features,false,5,5,75,61,18,50,Unranked,unranked,undefined,0,0,0,null
com.control.widget.custom.panel.wallpaper.pack,Control Widget: Theme & Panels,widgee,false,5,5,4,73,22,247,114,ranked,undefined,0,0,0,null
com.control.widget.custom.panel.wallpaper.pack,Control Widget: Theme & Panels,widget de bloqueio,false,5,0,9,73,22,50,Unranked,unranked,undefined,0,0,0,null
com.control.widget.custom.panel.wallpaper.pack,Control Widget: Theme & Panels,widgets gratuitos para iphone,false,5,5,26,73,22,50,49,ranked,undefined,0,0,0,null
com.control.widget.custom.panel.wallpaper.pack,Control Widget: Theme & Panels,icenter os17,true,5,5,0,73,22,50,Unranked,unranked,undefined,0,0,0,null
com.control.widget.custom.panel.wallpaper.pack,Control Widget: Theme & Panels,iniciador do ios 26,false,5,5,2,73,22,247,Unranked,unranked,undefined,0,0,0,null
com.control.widget.custom.panel.wallpaper.pack,Control Widget: Theme & Panels,homescreen widget,false,5,5,12,73,22,50,Unranked,unranked,undefined,0,0,0,null
com.control.widget.custom.panel.wallpaper.pack,Control Widget: Theme & Panels,the app drawer,false,5,5,0,73,22,50,Unranked,unranked,undefined,0,0,0,null
com.control.widget.custom.panel.wallpaper.pack,Control Widget: Theme & Panels,androicom widgets,false,5,0,12,73,22,50,Unranked,unranked,undefined,0,0,0,null
com.control.widget.custom.panel.wallpaper.pack,Control Widget: Theme & Panels,widgets para iphone,false,5,5,31,73,22,238,69,ranked,undefined,0,0,0,null
com.control.widget.custom.panel.wallpaper.pack,Control Widget: Theme & Panels,decorar pantalla de inicio,false,5,5,6,73,22,50,Unranked,unranked,undefined,0,0,0,null
com.control.widget.custom.panel.wallpaper.pack,Control Widget: Theme & Panels,17 widgets,false,5,5,3,73,22,50,Unranked,unranked,undefined,0,0,0,null
com.control.widget.custom.panel.wallpaper.pack,Control Widget: Theme & Panels,widget de cores,false,5,0,5,73,22,50,Unranked,unranked,undefined,0,0,0,null
com.control.widget.custom.panel.wallpaper.pack,Control Widget: Theme & Panels,tela de bloqueio widgets,false,5,0,16,73,22,50,Unranked,unranked,undefined,0,0,0,null
com.control.widget.custom.panel.wallpaper.pack,Control Widget: Theme & Panels,the home screen,false,5,0,38,73,22,50,Unranked,unranked,undefined,0,0,0,null
com.control.widget.custom.panel.wallpaper.pack,Control Widget: Theme & Panels,iniciador os 26,false,5,5,2,73,22,50,Unranked,unranked,undefined,0,0,0,null
com.control.widget.custom.panel.wallpaper.pack,Control Widget: Theme & Panels,dynamic island widget,false,5,5,0,73,22,50,45,ranked,undefined,0,0,0,null
com.control.widget.custom.panel.wallpaper.pack,Control Widget: Theme & Panels,widget de vinil,false,5,5,0,73,22,50,Unranked,unranked,undefined,0,0,0,null
com.control.widget.custom.panel.wallpaper.pack,Control Widget: Theme & Panels,ios home screen,false,5,5,15,73,22,50,Unranked,unranked,undefined,0,0,0,null
com.control.widget.custom.panel.wallpaper.pack,Control Widget: Theme & Panels,criador de widgets,false,5,5,4,73,22,50,Unranked,unranked,undefined,0,0,0,null
com.control.widget.custom.panel.wallpaper.pack,Control Widget: Theme & Panels,tema iphone gratis,false,5,5,17,73,22,50,Unranked,unranked,undefined,0,0,0,null
com.control.widget.custom.panel.wallpaper.pack,Control Widget: Theme & Panels,tela inicial principal,false,5,5,3,73,22,50,Unranked,unranked,undefined,0,0,0,null
com.control.widget.custom.panel.wallpaper.pack,Control Widget: Theme & Panels,widgets ios 17 themes,true,5,5,20,73,22,50,Unranked,unranked,undefined,0,0,0,null
com.control.widget.custom.panel.wallpaper.pack,Control Widget: Theme & Panels,aplicativo de widgets personalizados,false,5,0,17,73,22,50,38,ranked,undefined,0,0,0,null
com.control.widget.custom.panel.wallpaper.pack,Control Widget: Theme & Panels,control widget barcelona,true,5,5,4,100,30,250,1,ranked,undefined,0,0,0,null
com.control.widget.custom.panel.wallpaper.pack,Control Widget: Theme & Panels,4rem center,false,5,5,0,73,22,188,78,estimated,0,0,0,0,null
com.control.widget.custom.panel.wallpaper.pack,Control Widget: Theme & Panels,ios quick settings,false,5,5,14,73,22,249,Unranked,unranked,undefined,0,0,0,null
com.control.widget.custom.panel.wallpaper.pack,Control Widget: Theme & Panels,center setting,false,5,5,36,73,22,237,Unranked,unranked,undefined,0,0,0,null
com.control.widget.custom.panel.wallpaper.pack,Control Widget: Theme & Panels,abrir control center,false,5,5,0,73,22,250,237,ranked,undefined,0,0,0,null
com.control.widget.custom.panel.wallpaper.pack,Control Widget: Theme & Panels,powerful control center,false,5,5,0,73,22,50,Unranked,unranked,undefined,0,0,0,null
com.control.widget.custom.panel.wallpaper.pack,Control Widget: Theme & Panels,notification ios,false,5,5,6,73,22,250,Unranked,unranked,0,0,0,0,null
com.control.widget.custom.panel.wallpaper.pack,Control Widget: Theme & Panels,status bar oppo style,false,5,5,0,73,22,50,Unranked,unranked,undefined,0,0,0,null
com.control.widget.custom.panel.wallpaper.pack,Control Widget: Theme & Panels,dynamic island notification,false,5,5,0,73,22,239,Unranked,unranked,0,0,0,0,null
com.control.widget.custom.panel.wallpaper.pack,Control Widget: Theme & Panels,control center change,false,5,5,0,73,22,228,49,ranked,undefined,0,0,0,null
com.control.widget.custom.panel.wallpaper.pack,Control Widget: Theme & Panels,control center for,false,5,5,0,73,22,50,Unranked,unranked,undefined,0,0,0,null
com.control.widget.custom.panel.wallpaper.pack,Control Widget: Theme & Panels,notification center access,false,5,5,22,73,22,250,Unranked,unranked,0,0,0,0,null
com.control.widget.custom.panel.wallpaper.pack,Control Widget: Theme & Panels,status bar theme changer,false,5,5,0,73,22,50,Unranked,unranked,undefined,0,0,0,null
com.control.widget.custom.panel.wallpaper.pack,Control Widget: Theme & Panels,status bar vivo y12s,false,5,5,0,73,22,248,56,ranked,undefined,0,0,0,null
com.control.widget.custom.panel.wallpaper.pack,Control Widget: Theme & Panels,notification iphone,false,5,5,0,73,22,50,Unranked,unranked,undefined,0,0,0,null
com.control.widget.custom.panel.wallpaper.pack,Control Widget: Theme & Panels,status bar realme style,false,5,5,0,73,22,50,Unranked,unranked,undefined,0,0,0,null
com.control.widget.custom.panel.wallpaper.pack,Control Widget: Theme & Panels,center for android,false,5,5,0,73,22,50,Unranked,unranked,undefined,0,0,0,null
com.control.widget.custom.panel.wallpaper.pack,Control Widget: Theme & Panels,inoty,false,5,21,37,73,22,247,128,estimated,0,0,433,0,null
com.control.widget.custom.panel.wallpaper.pack,Control Widget: Theme & Panels,status bar redmi style,false,5,5,0,73,22,50,Unranked,unranked,undefined,0,0,0,null
com.control.widget.custom.panel.wallpaper.pack,Control Widget: Theme & Panels,notification center for android,false,5,5,0,73,22,50,Unranked,unranked,undefined,0,0,0,null
com.control.widget.custom.panel.wallpaper.pack,Control Widget: Theme & Panels,iosx style,false,5,5,4,73,22,50,Unranked,unranked,undefined,0,0,0,null
com.control.widget.custom.panel.wallpaper.pack,Control Widget: Theme & Panels,control center with,false,5,5,0,73,22,50,Unranked,unranked,undefined,0,0,0,null
com.control.widget.custom.panel.wallpaper.pack,Control Widget: Theme & Panels,jelly bean statusbar,false,5,5,15,73,22,50,Unranked,unranked,undefined,0,0,0,null
com.control.widget.custom.panel.wallpaper.pack,Control Widget: Theme & Panels,status bar for android,false,5,5,0,73,22,50,Unranked,unranked,undefined,0,0,0,null
com.control.widget.custom.panel.wallpaper.pack,Control Widget: Theme & Panels,display customised notification,false,5,5,6,73,22,184,Unranked,unranked,0,0,0,0,null
com.control.widget.custom.panel.wallpaper.pack,Control Widget: Theme & Panels,controle centro,false,5,5,4,73,22,50,Unranked,unranked,undefined,0,0,0,null
com.control.widget.custom.panel.wallpaper.pack,Control Widget: Theme & Panels,status bar like iphone,false,5,5,0,73,22,50,Unranked,unranked,undefined,0,0,0,null
com.control.widget.custom.panel.wallpaper.pack,Control Widget: Theme & Panels,notifications ios 15,false,5,5,77,59,18,50,Unranked,unranked,undefined,0,0,0,null
com.control.widget.custom.panel.wallpaper.pack,Control Widget: Theme & Panels,control center ios16,true,5,5,0,73,22,50,Unranked,unranked,undefined,0,0,0,null
com.control.widget.custom.panel.wallpaper.pack,Control Widget: Theme & Panels,ios quick setting,false,5,5,56,73,22,50,Unranked,unranked,undefined,0,0,0,null
com.control.widget.custom.panel.wallpaper.pack,Control Widget: Theme & Panels,status bar and notification,false,5,5,0,73,22,50,Unranked,unranked,undefined,0,0,0,null
com.control.widget.custom.panel.wallpaper.pack,Control Widget: Theme & Panels,ios notification bar,false,5,5,19,73,22,50,Unranked,unranked,undefined,0,0,0,null
com.control.widget.custom.panel.wallpaper.pack,Control Widget: Theme & Panels,center by ios,false,5,5,0,73,22,50,Unranked,unranked,undefined,0,0,0,null
com.control.widget.custom.panel.wallpaper.pack,Control Widget: Theme & Panels,quick setting ios,true,5,5,36,73,22,50,Unranked,unranked,undefined,0,0,0,null
com.control.widget.custom.panel.wallpaper.pack,Control Widget: Theme & Panels,iphone home button,false,5,5,12,73,22,50,Unranked,unranked,undefined,0,0,0,null
com.control.widget.custom.panel.wallpaper.pack,Control Widget: Theme & Panels,botao home iphone,false,5,5,48,73,22,50,Unranked,unranked,undefined,0,0,0,null
com.control.widget.custom.panel.wallpaper.pack,Control Widget: Theme & Panels,status bar permanent,false,5,5,0,73,22,50,Unranked,unranked,undefined,0,0,0,null
com.control.widget.custom.panel.wallpaper.pack,Control Widget: Theme & Panels,status bar edit,false,5,5,0,73,22,50,Unranked,unranked,undefined,0,0,0,null
com.control.widget.custom.panel.wallpaper.pack,Control Widget: Theme & Panels,control center ios 15,true,5,5,85,51,15,50,Unranked,unranked,undefined,0,0,0,null
com.control.widget.custom.panel.wallpaper.pack,Control Widget: Theme & Panels,assistive touch for iphone,false,5,5,0,73,22,50,Unranked,unranked,undefined,0,0,0,null
com.control.widget.custom.panel.wallpaper.pack,Control Widget: Theme & Panels,control panel ios 26,false,5,5,0,73,22,249,93,ranked,undefined,0,0,0,null
com.control.widget.custom.panel.wallpaper.pack,Control Widget: Theme & Panels,control panel center,false,5,5,0,73,22,50,Unranked,unranked,undefined,0,0,0,null
com.control.widget.custom.panel.wallpaper.pack,Control Widget: Theme & Panels,control panel free,false,5,5,6,73,22,248,175,ranked,undefined,0,0,0,null
com.control.widget.custom.panel.wallpaper.pack,Control Widget: Theme & Panels,control panel iphone,false,5,5,0,73,22,250,31,ranked,undefined,0,0,0,null
com.control.widget.custom.panel.wallpaper.pack,Control Widget: Theme & Panels,control center ios 13,false,5,5,43,73,22,50,Unranked,unranked,undefined,0,0,0,null
com.control.widget.custom.panel.wallpaper.pack,Control Widget: Theme & Panels,control ios 11,false,5,5,50,73,22,50,Unranked,unranked,undefined,0,0,0,null
com.control.widget.custom.panel.wallpaper.pack,Control Widget: Theme & Panels,centro de controle iphone,false,5,5,0,73,22,50,Unranked,unranked,undefined,0,0,0,null
com.control.widget.custom.panel.wallpaper.pack,Control Widget: Theme & Panels,control center os,false,5,5,0,73,22,250,161,ranked,undefined,0,0,0,null
com.control.widget.custom.panel.wallpaper.pack,Control Widget: Theme & Panels,control center application,false,5,0,0,73,22,50,Unranked,unranked,undefined,0,0,0,null
com.control.widget.custom.panel.wallpaper.pack,Control Widget: Theme & Panels,control center ios mod,true,5,5,0,73,22,50,Unranked,unranked,undefined,0,0,0,null
com.control.widget.custom.panel.wallpaper.pack,Control Widget: Theme & Panels,control center iphone 11,true,5,5,17,73,22,50,Unranked,unranked,undefined,0,0,0,null
com.control.widget.custom.panel.wallpaper.pack,Control Widget: Theme & Panels,control center for android,false,5,5,0,73,22,50,Unranked,unranked,undefined,0,0,0,null
com.control.widget.custom.panel.wallpaper.pack,Control Widget: Theme & Panels,control center iphone,false,5,5,0,73,22,50,Unranked,unranked,undefined,0,0,0,null
com.control.widget.custom.panel.wallpaper.pack,Control Widget: Theme & Panels,control center ios app,true,5,5,0,73,22,50,Unranked,unranked,undefined,0,0,0,null
com.control.widget.custom.panel.wallpaper.pack,Control Widget: Theme & Panels,control panel ios,false,5,5,0,73,22,50,Unranked,unranked,undefined,0,0,0,null
com.control.widget.custom.panel.wallpaper.pack,Control Widget: Theme & Panels,control center ip11,true,5,5,0,73,22,50,Unranked,unranked,undefined,0,0,0,null
com.control.widget.custom.panel.wallpaper.pack,Control Widget: Theme & Panels,ios control panel,false,5,5,0,73,22,50,Unranked,unranked,undefined,0,0,0,null
com.control.widget.custom.panel.wallpaper.pack,Control Widget: Theme & Panels,control center 20201,false,5,5,0,73,22,50,Unranked,unranked,undefined,0,0,0,null
com.control.widget.custom.panel.wallpaper.pack,Control Widget: Theme & Panels,camera control center,false,5,5,2,73,22,50,Unranked,unranked,undefined,0,0,0,null
com.control.widget.custom.panel.wallpaper.pack,Control Widget: Theme & Panels,center os17 control center,true,5,5,0,73,22,50,Unranked,unranked,undefined,0,0,0,null
com.control.widget.custom.panel.wallpaper.pack,Control Widget: Theme & Panels,camera control center app,false,5,5,2,73,22,50,Unranked,unranked,undefined,0,0,0,null
com.control.widget.custom.panel.wallpaper.pack,Control Widget: Theme & Panels,control center os17,false,5,5,0,73,22,50,Unranked,unranked,undefined,0,0,0,null
com.control.widget.custom.panel.wallpaper.pack,Control Widget: Theme & Panels,control center 2021,false,5,5,0,73,22,50,Unranked,unranked,undefined,0,0,0,null
com.control.widget.custom.panel.wallpaper.pack,Control Widget: Theme & Panels,ios control,false,5,5,0,73,22,50,Unranked,unranked,undefined,0,0,0,null
com.control.widget.custom.panel.wallpaper.pack,Control Widget: Theme & Panels,ios 14 control center,false,5,5,0,73,22,50,Unranked,unranked,undefined,0,0,0,null
com.control.widget.custom.panel.wallpaper.pack,Control Widget: Theme & Panels,15 control center,false,5,5,0,73,22,50,Unranked,unranked,undefined,0,0,0,null
com.control.widget.custom.panel.wallpaper.pack,Control Widget: Theme & Panels,control center fore,false,5,5,8,73,22,50,Unranked,unranked,undefined,0,0,0,null
com.control.widget.custom.panel.wallpaper.pack,Control Widget: Theme & Panels,centro de controle os17,false,5,5,4,73,22,50,Unranked,unranked,undefined,0,0,0,null
com.control.widget.custom.panel.wallpaper.pack,Control Widget: Theme & Panels,ios 13 control center,false,5,5,57,73,22,50,Unranked,unranked,undefined,0,0,0,null
com.control.widget.custom.panel.wallpaper.pack,Control Widget: Theme & Panels,ios17 control center,false,5,5,0,73,22,50,Unranked,unranked,undefined,0,0,0,null
com.control.widget.custom.panel.wallpaper.pack,Control Widget: Theme & Panels,customize control center,false,5,5,0,73,22,50,36,ranked,undefined,0,0,0,null
com.control.widget.custom.panel.wallpaper.pack,Control Widget: Theme & Panels,center os 15,false,5,5,13,73,22,50,Unranked,unranked,undefined,0,0,0,null
com.control.widget.custom.panel.wallpaper.pack,Control Widget: Theme & Panels,control center iphone x,false,5,5,0,73,22,50,Unranked,unranked,undefined,0,0,0,null
com.control.widget.custom.panel.wallpaper.pack,Control Widget: Theme & Panels,control center ios 14,true,5,5,52,73,22,50,Unranked,unranked,undefined,0,0,0,null
com.control.widget.custom.panel.wallpaper.pack,Control Widget: Theme & Panels,ios16 control center,false,5,5,0,73,22,50,Unranked,unranked,undefined,0,0,0,null
com.control.widget.custom.panel.wallpaper.pack,Control Widget: Theme & Panels,basic control center,false,5,24,0,73,22,250,137,estimated,0,0,0,0,null
com.control.widget.custom.panel.wallpaper.pack,Control Widget: Theme & Panels,control center for iphone,false,5,5,0,73,22,50,Unranked,unranked,undefined,0,0,0,null
com.control.widget.custom.panel.wallpaper.pack,Control Widget: Theme & Panels,control center launcher,false,5,5,0,73,22,50,Unranked,unranked,undefined,0,0,0,null
com.control.widget.custom.panel.wallpaper.pack,Control Widget: Theme & Panels,notification center ios 14,false,5,5,16,73,22,50,Unranked,unranked,undefined,0,0,0,null
com.control.widget.custom.panel.wallpaper.pack,Control Widget: Theme & Panels,control ios 14 launcher,false,5,5,2,73,22,50,Unranked,unranked,undefined,0,0,0,null
com.control.widget.custom.panel.wallpaper.pack,Control Widget: Theme & Panels,ios 15 control center,false,5,5,50,73,22,50,Unranked,unranked,undefined,0,0,0,null
com.control.widget.custom.panel.wallpaper.pack,Control Widget: Theme & Panels,control center ios launcher,false,5,5,0,73,22,50,Unranked,unranked,undefined,0,0,0,null
com.control.widget.custom.panel.wallpaper.pack,Control Widget: Theme & Panels,control center ios 11,true,5,5,24,73,22,50,Unranked,unranked,undefined,0,0,0,null
com.control.widget.custom.panel.wallpaper.pack,Control Widget: Theme & Panels,control center estável fácil,true,5,5,0,73,22,50,49,ranked,undefined,0,0,0,null
com.control.widget.custom.panel.wallpaper.pack,Control Widget: Theme & Panels,control center ios 18,false,5,5,24,73,22,249,Unranked,unranked,undefined,0,0,0,null
com.control.widget.custom.panel.wallpaper.pack,Control Widget: Theme & Panels,control center android 16,false,5,5,0,73,22,220,Unranked,unranked,undefined,0,0,0,null
com.control.widget.custom.panel.wallpaper.pack,Control Widget: Theme & Panels,quick control widget,false,5,5,16,73,22,224,11,ranked,undefined,0,0,0,null
com.control.widget.custom.panel.wallpaper.pack,Control Widget: Theme & Panels,control widget nike,false,5,5,29,97,29,249,2,ranked,undefined,0,0,0,null
com.control.widget.custom.panel.wallpaper.pack,Control Widget: Theme & Panels,control widget kuromi,false,5,5,9,98,29,249,2,ranked,undefined,0,0,0,null
com.control.widget.custom.panel.wallpaper.pack,Control Widget: Theme & Panels,control widget gratis,true,5,5,0,100,30,250,1,ranked,undefined,0,0,0,null
com.control.widget.custom.panel.wallpaper.pack,Control Widget: Theme & Panels,control widget free,true,5,5,5,96,29,250,2,ranked,undefined,0,0,0,null
com.control.widget.custom.panel.wallpaper.pack,Control Widget: Theme & Panels,volume control widget for android,false,5,5,0,73,22,50,Unranked,unranked,undefined,0,0,0,null
com.control.widget.custom.panel.wallpaper.pack,Control Widget: Theme & Panels,control widget football,false,5,5,59,73,22,249,10,ranked,undefined,0,0,0,null
com.control.widget.custom.panel.wallpaper.pack,Control Widget: Theme & Panels,control widget futbol,false,5,5,39,93,28,250,3,ranked,undefined,0,0,0,null
com.control.widget.custom.panel.wallpaper.pack,Control Widget: Theme & Panels,control widget gojo,false,5,5,14,91,27,249,3,ranked,undefined,0,0,0,null
com.control.widget.custom.panel.wallpaper.pack,Control Widget: Theme & Panels,control widget theme and panels,true,5,5,0,100,30,246,1,ranked,undefined,0,0,0,null
com.control.widget.custom.panel.wallpaper.pack,Control Widget: Theme & Panels,control widget themed and panels,true,5,5,0,100,30,236,1,ranked,undefined,0,0,0,null
com.control.widget.custom.panel.wallpaper.pack,Control Widget: Theme & Panels,control widget android,true,5,5,5,100,30,248,1,ranked,undefined,0,0,0,null
com.control.widget.custom.panel.wallpaper.pack,Control Widget: Theme & Panels,control widget free app,true,5,5,5,100,30,248,1,ranked,undefined,0,0,0,null
com.control.widget.custom.panel.wallpaper.pack,Control Widget: Theme & Panels,control widget theme panels,true,5,5,12,73,22,50,21,ranked,undefined,0,0,0,null
com.control.widget.custom.panel.wallpaper.pack,Control Widget: Theme & Panels,control widget theme,true,5,5,24,73,22,50,9,ranked,undefined,0,0,0,null
com.control.widget.custom.panel.wallpaper.pack,Control Widget: Theme & Panels,control widget themed,true,5,5,5,73,22,250,22,ranked,undefined,0,0,0,null
com.control.widget.custom.panel.wallpaper.pack,Control Widget: Theme & Panels,control widget stitch,true,5,5,10,100,30,205,1,ranked,undefined,0,0,0,null
com.control.widget.custom.panel.wallpaper.pack,Control Widget: Theme & Panels,controlador de telefone,false,5,5,38,73,22,50,Unranked,unranked,undefined,0,0,0,null
com.control.widget.custom.panel.wallpaper.pack,Control Widget: Theme & Panels,customized always display,false,5,5,0,73,22,50,Unranked,unranked,0,0,0,0,null
com.control.widget.custom.panel.wallpaper.pack,Control Widget: Theme & Panels,controle bl,false,5,5,39,73,22,50,19,ranked,undefined,0,0,0,null
com.control.widget.custom.panel.wallpaper.pack,Control Widget: Theme & Panels,home screcom widgets,false,5,5,14,73,22,50,Unranked,unranked,undefined,0,0,0,null
com.control.widget.custom.panel.wallpaper.pack,Control Widget: Theme & Panels,temas lindios,false,5,5,0,73,22,249,152,ranked,undefined,0,0,0,null
com.control.widget.custom.panel.wallpaper.pack,Control Widget: Theme & Panels,widgets mudar ícones,false,5,5,27,73,22,50,Unranked,unranked,undefined,0,0,0,null
com.control.widget.custom.panel.wallpaper.pack,Control Widget: Theme & Panels,app control,false,5,5,39,73,22,50,Unranked,unranked,undefined,0,0,0,null
com.control.widget.custom.panel.wallpaper.pack,Control Widget: Theme & Panels,cores temas,false,5,5,1,73,22,50,Unranked,unranked,undefined,0,0,0,null
com.control.widget.custom.panel.wallpaper.pack,Control Widget: Theme & Panels,tela in,false,5,5,55,78,23,50,8,ranked,undefined,0,0,0,null
com.control.widget.custom.panel.wallpaper.pack,Control Widget: Theme & Panels,tela inicial do telefone,false,5,5,36,73,22,50,Unranked,unranked,undefined,0,0,0,null
com.control.widget.custom.panel.wallpaper.pack,Control Widget: Theme & Panels,themify tela inicial,false,5,5,6,73,22,50,Unranked,unranked,undefined,0,0,0,null
com.control.widget.custom.panel.wallpaper.pack,Control Widget: Theme & Panels,temas widgets mudar,false,5,5,28,73,22,50,14,ranked,undefined,0,0,0,null
com.control.widget.custom.panel.wallpaper.pack,Control Widget: Theme & Panels,temas esteticos,false,5,5,9,73,22,50,Unranked,unranked,undefined,0,0,0,null
com.control.widget.custom.panel.wallpaper.pack,Control Widget: Theme & Panels,widget custom homescreen,false,5,5,5,73,22,50,Unranked,unranked,undefined,0,0,0,null
com.control.widget.custom.panel.wallpaper.pack,Control Widget: Theme & Panels,papel temas widgets,false,5,5,21,73,22,50,Unranked,unranked,undefined,0,0,0,null
com.control.widget.custom.panel.wallpaper.pack,Control Widget: Theme & Panels,personalizar home,false,5,5,22,73,22,50,Unranked,unranked,undefined,0,0,0,null
com.control.widget.custom.panel.wallpaper.pack,Control Widget: Theme & Panels,temas papel,false,5,0,20,73,22,50,Unranked,unranked,undefined,0,0,0,null
com.control.widget.custom.panel.wallpaper.pack,Control Widget: Theme & Panels,widgets papéis,false,5,5,33,73,22,50,Unranked,unranked,undefined,0,0,0,null
com.control.widget.custom.panel.wallpaper.pack,Control Widget: Theme & Panels,screen theme 3d,false,5,5,2,73,22,50,Unranked,unranked,undefined,0,0,0,null
com.control.widget.custom.panel.wallpaper.pack,Control Widget: Theme & Panels,temas mudar,false,5,5,25,73,22,50,Unranked,unranked,undefined,0,0,0,null
com.control.widget.custom.panel.wallpaper.pack,Control Widget: Theme & Panels,temas da tela inicial,false,5,5,32,73,22,248,173,ranked,undefined,0,0,0,null
com.control.widget.custom.panel.wallpaper.pack,Control Widget: Theme & Panels,notch control,false,5,5,6,73,22,50,Unranked,unranked,0,0,0,0,null
com.control.widget.custom.panel.wallpaper.pack,Control Widget: Theme & Panels,iscreen widgets themes,true,5,33,26,73,22,226,55,ranked,undefined,0,0,0,null
com.control.widget.custom.panel.wallpaper.pack,Control Widget: Theme & Panels,telefonema colorido,false,5,5,8,73,22,245,213,estimated,0,0,0,0,null
com.control.widget.custom.panel.wallpaper.pack,Control Widget: Theme & Panels,barra de ícones,false,5,5,11,73,22,50,Unranked,unranked,undefined,0,0,0,null
com.control.widget.custom.panel.wallpaper.pack,Control Widget: Theme & Panels,themes color phone,false,5,5,0,73,22,50,Unranked,unranked,0,0,0,0,null
com.control.widget.custom.panel.wallpaper.pack,Control Widget: Theme & Panels,decore seu telefone,false,5,5,30,73,22,50,25,ranked,9,0,0,0,null
com.control.widget.custom.panel.wallpaper.pack,Control Widget: Theme & Panels,transform telefone,false,5,5,0,73,22,219,Unranked,unranked,0,0,0,0,null
com.control.widget.custom.panel.wallpaper.pack,Control Widget: Theme & Panels,mudar layout,false,5,5,8,73,22,175,Unranked,unranked,0,0,0,0,null
com.control.widget.custom.panel.wallpaper.pack,Control Widget: Theme & Panels,temas widgets,false,5,24,26,73,22,250,50,estimated,0,0,122,0,null
com.control.widget.custom.panel.wallpaper.pack,Control Widget: Theme & Panels,phone customizer,false,5,22,31,73,22,249,80,ranked,-1,0,81,0,null
com.control.widget.custom.panel.wallpaper.pack,Control Widget: Theme & Panels,personalize,false,5,5,8,73,22,233,57,estimated,0,0,0,0,null
com.control.widget.custom.panel.wallpaper.pack,Control Widget: Theme & Panels,mobile phone beautiful,false,5,5,6,73,22,170,Unranked,unranked,0,0,0,0,null
com.control.widget.custom.panel.wallpaper.pack,Control Widget: Theme & Panels,폰꾸미기,false,5,40,15,73,22,249,87,estimated,0,0,167,0,null
com.control.widget.custom.panel.wallpaper.pack,Control Widget: Theme & Panels,ios suave,false,5,5,68,67,20,50,Unranked,unranked,undefined,0,0,0,null
com.control.widget.custom.panel.wallpaper.pack,Control Widget: Theme & Panels,temas iphone,false,5,32,29,73,22,250,82,estimated,0,0,0,0,null
com.control.widget.custom.panel.wallpaper.pack,Control Widget: Theme & Panels,center ios,false,5,22,0,73,22,223,Unranked,unranked,0,0,78,0,null
com.control.widget.custom.panel.wallpaper.pack,Control Widget: Theme & Panels,personalizar homcom,false,5,5,2,73,22,248,185,ranked,undefined,0,0,0,null
com.control.widget.custom.panel.wallpaper.pack,Control Widget: Theme & Panels,write on someone's screenhome,false,5,0,20,73,22,50,Unranked,unranked,undefined,0,0,0,null
com.control.widget.custom.panel.wallpaper.pack,Control Widget: Theme & Panels,aplicação paypal para ios,false,5,5,92,44,13,250,Unranked,unranked,0,0,0,0,null
com.control.widget.custom.panel.wallpaper.pack,Control Widget: Theme & Panels,ios 17 control center,false,5,22,0,73,22,242,Unranked,unranked,0,0,81,0,null
com.control.widget.custom.panel.wallpaper.pack,Control Widget: Theme & Panels,atualizar ios,false,5,47,97,39,12,242,Unranked,unranked,undefined,0,0,0,null
com.control.widget.custom.panel.wallpaper.pack,Control Widget: Theme & Panels,temas de aplicativo,false,5,5,6,73,22,50,48,ranked,-17,0,0,0,null
com.control.widget.custom.panel.wallpaper.pack,Control Widget: Theme & Panels,panels,false,5,26,24,73,22,250,34,estimated,0,0,0,0,null
com.control.widget.custom.panel.wallpaper.pack,Control Widget: Theme & Panels,design personalizável,false,5,5,27,73,22,248,35,ranked,-2,0,0,0,null
com.control.widget.custom.panel.wallpaper.pack,Control Widget: Theme & Panels,estilo de tema de aplicativo,false,5,5,17,73,22,50,27,ranked,9,0,0,0,null
com.control.widget.custom.panel.wallpaper.pack,Control Widget: Theme & Panels,themes color,false,5,5,5,73,22,50,Unranked,unranked,-215,0,0,0,null
com.control.widget.custom.panel.wallpaper.pack,Control Widget: Theme & Panels,screen themes and,false,5,5,8,73,22,228,37,estimated,0,0,0,0,null
com.control.widget.custom.panel.wallpaper.pack,Control Widget: Theme & Panels,telefone personalizado,false,5,5,15,73,22,50,36,ranked,1,0,0,0,null
com.control.widget.custom.panel.wallpaper.pack,Control Widget: Theme & Panels,aplicativo para decorar o celular,false,5,5,29,73,22,50,24,ranked,undefined,0,0,0,null
com.control.widget.custom.panel.wallpaper.pack,Control Widget: Theme & Panels,app barras,false,5,5,0,73,22,248,Unranked,unranked,undefined,0,0,0,null
com.control.widget.custom.panel.wallpaper.pack,Control Widget: Theme & Panels,personalização ricas,false,5,5,3,73,22,50,Unranked,unranked,undefined,0,0,0,null
com.control.widget.custom.panel.wallpaper.pack,Control Widget: Theme & Panels,tela personalizada para celular,false,5,24,2,73,22,250,39,estimated,0,0,117,0,null
com.control.widget.custom.panel.wallpaper.pack,Control Widget: Theme & Panels,phone effects theme,false,5,5,0,73,22,50,Unranked,unranked,-211,0,0,0,null
com.control.widget.custom.panel.wallpaper.pack,Control Widget: Theme & Panels,android mobile totalmente,false,5,5,57,73,22,50,Unranked,unranked,undefined,0,0,0,null
com.control.widget.custom.panel.wallpaper.pack,Control Widget: Theme & Panels,aplicativo para personalizar o celular,false,5,5,10,73,22,50,42,ranked,undefined,0,0,0,null
com.control.widget.custom.panel.wallpaper.pack,Control Widget: Theme & Panels,estilo de tema de aplicativo para meninas,false,5,5,17,73,22,50,Unranked,unranked,-210,0,0,0,null
com.control.widget.custom.panel.wallpaper.pack,Control Widget: Theme & Panels,decorar tu celular,false,5,5,10,73,22,50,38,ranked,-10,0,0,0,null
com.control.widget.custom.panel.wallpaper.pack,Control Widget: Theme & Panels,aplicativo de temas,false,5,0,13,73,22,50,48,ranked,-19,0,0,0,null
com.control.widget.custom.panel.wallpaper.pack,Control Widget: Theme & Panels,personalized,false,5,5,38,73,22,50,12,ranked,18,0,0,0,null
com.control.widget.custom.panel.wallpaper.pack,Control Widget: Theme & Panels,custom widgets keyboard free,false,5,5,3,73,22,50,Unranked,unranked,0,0,0,0,null
com.control.widget.custom.panel.wallpaper.pack,Control Widget: Theme & Panels,thème et écran d'appel couleur,false,5,5,0,73,22,50,Unranked,unranked,undefined,0,0,0,null
com.control.widget.custom.panel.wallpaper.pack,Control Widget: Theme & Panels,widgets de temas legais,false,5,5,29,73,22,248,58,ranked,undefined,0,0,0,null
com.control.widget.custom.panel.wallpaper.pack,Control Widget: Theme & Panels,free widget themes,false,5,5,9,73,22,247,29,ranked,undefined,0,0,0,null
com.control.widget.custom.panel.wallpaper.pack,Control Widget: Theme & Panels,telefone parecer,false,5,0,33,73,22,250,212,ranked,undefined,0,0,0,null
com.control.widget.custom.panel.wallpaper.pack,Control Widget: Theme & Panels,barras fácil,false,5,5,35,73,22,50,Unranked,unranked,undefined,0,0,0,null
com.control.widget.custom.panel.wallpaper.pack,Control Widget: Theme & Panels,recomendações personalizadas,false,5,5,22,73,22,250,216,ranked,undefined,0,0,0,null
com.control.widget.custom.panel.wallpaper.pack,Control Widget: Theme & Panels,fundo fantásticas func,false,5,5,16,73,22,50,Unranked,unranked,undefined,0,0,0,null
com.control.widget.custom.panel.wallpaper.pack,Control Widget: Theme & Panels,widget 2024 widgets estéticos,false,5,0,8,73,22,50,Unranked,unranked,undefined,0,0,0,null
com.control.widget.custom.panel.wallpaper.pack,Control Widget: Theme & Panels,widgets ícones ele,false,5,0,17,73,22,50,Unranked,unranked,undefined,0,0,0,null
com.control.widget.custom.panel.wallpaper.pack,Control Widget: Theme & Panels,personalizar hocom,false,5,5,8,73,22,50,Unranked,unranked,undefined,0,0,0,null
com.control.widget.custom.panel.wallpaper.pack,Control Widget: Theme & Panels,temas de celular coloridos,false,5,5,16,73,22,50,21,ranked,undefined,0,0,0,null
com.control.widget.custom.panel.wallpaper.pack,Control Widget: Theme & Panels,thèmes de téléphone couleur,false,5,5,15,73,22,50,25,ranked,undefined,0,0,0,null
com.control.widget.custom.panel.wallpaper.pack,Control Widget: Theme & Panels,application de thème d'appel,false,5,5,0,73,22,50,Unranked,unranked,undefined,0,0,0,null
com.control.widget.custom.panel.wallpaper.pack,Control Widget: Theme & Panels,crop stitch,false,5,0,0,73,22,50,Unranked,unranked,undefined,0,0,0,null
com.control.widget.custom.panel.wallpaper.pack,Control Widget: Theme & Panels,widgets e temas para android,true,5,5,28,73,22,50,22,ranked,undefined,0,0,0,null
com.control.widget.custom.panel.wallpaper.pack,Control Widget: Theme & Panels,control center quick,false,5,5,0,73,22,232,Unranked,unranked,undefined,0,0,0,null
com.control.widget.custom.panel.wallpaper.pack,Control Widget: Theme & Panels,controle avançado,true,5,0,19,73,22,50,Unranked,unranked,undefined,0,0,0,null
com.control.widget.custom.panel.wallpaper.pack,Control Widget: Theme & Panels,centro de widgets,false,5,5,10,73,22,50,Unranked,unranked,undefined,0,0,0,null
com.control.widget.custom.panel.wallpaper.pack,Control Widget: Theme & Panels,temas na tela,false,5,5,17,73,22,50,44,ranked,207,0,0,0,null
com.control.widget.custom.panel.wallpaper.pack,Control Widget: Theme & Panels,personalizáveis,false,5,5,23,73,22,50,Unranked,unranked,undefined,0,0,0,null
com.control.widget.custom.panel.wallpaper.pack,Control Widget: Theme & Panels,facilmente personalizável,false,5,5,32,73,22,248,217,ranked,undefined,0,0,0,null
com.control.widget.custom.panel.wallpaper.pack,Control Widget: Theme & Panels,design temas,false,5,5,30,73,22,50,Unranked,unranked,undefined,0,0,0,null
com.control.widget.custom.panel.wallpaper.pack,Control Widget: Theme & Panels,in control,false,5,26,57,73,22,221,Unranked,unranked,0,0,217,0,null
com.control.widget.custom.panel.wallpaper.pack,Control Widget: Theme & Panels,temas diários,false,5,5,25,73,22,248,123,ranked,-2,0,0,0,null
com.control.widget.custom.panel.wallpaper.pack,Control Widget: Theme & Panels,theme app download,false,5,5,0,73,22,50,46,ranked,-19,0,0,0,null
com.control.widget.custom.panel.wallpaper.pack,Control Widget: Theme & Panels,edit widgets keyboard free,false,5,5,16,73,22,50,Unranked,unranked,0,0,0,0,null
com.control.widget.custom.panel.wallpaper.pack,Control Widget: Theme & Panels,temas estilosos,false,5,5,2,73,22,50,Unranked,unranked,0,0,0,0,null
com.control.widget.custom.panel.wallpaper.pack,Control Widget: Theme & Panels,organizar iphone,false,5,30,68,67,20,179,Unranked,unranked,0,0,0,0,null
com.control.widget.custom.panel.wallpaper.pack,Control Widget: Theme & Panels,tela do tema,false,5,0,6,73,22,50,Unranked,unranked,0,0,0,0,null
com.control.widget.custom.panel.wallpaper.pack,Control Widget: Theme & Panels,personalizar iphone,false,5,42,31,73,22,232,34,estimated,0,0,0,0,null
com.control.widget.custom.panel.wallpaper.pack,Control Widget: Theme & Panels,decore o seu telefone,false,5,5,44,73,22,250,12,ranked,7,0,0,0,null
com.control.widget.custom.panel.wallpaper.pack,Control Widget: Theme & Panels,botão voltar do iphone,false,5,5,0,73,22,50,Unranked,unranked,0,0,0,0,null
com.control.widget.custom.panel.wallpaper.pack,Control Widget: Theme & Panels,السهلة لوحة,false,5,5,25,73,22,250,201,estimated,0,0,0,0,null
com.control.widget.custom.panel.wallpaper.pack,Control Widget: Theme & Panels,aplicativo de iphone,false,5,5,50,73,22,218,Unranked,unranked,undefined,0,0,0,null
com.control.widget.custom.panel.wallpaper.pack,Control Widget: Theme & Panels,temas de aplicativos,false,5,0,5,73,22,50,25,ranked,-13,0,0,0,null
com.control.widget.custom.panel.wallpaper.pack,Control Widget: Theme & Panels,personalizador de tema,false,5,5,30,73,22,50,28,ranked,-13,0,0,0,null
com.control.widget.custom.panel.wallpaper.pack,Control Widget: Theme & Panels,personalizar telefone,false,5,5,13,73,22,50,31,ranked,undefined,0,0,0,null
com.control.widget.custom.panel.wallpaper.pack,Control Widget: Theme & Panels,control bloqueador,false,5,5,40,73,22,247,17,estimated,0,0,0,0,null
com.control.widget.custom.panel.wallpaper.pack,Control Widget: Theme & Panels,tema de cores,false,5,0,0,73,22,50,Unranked,unranked,-233,0,0,0,null
com.control.widget.custom.panel.wallpaper.pack,Control Widget: Theme & Panels,theme,false,5,40,12,73,22,250,20,estimated,0,0,50,0,null
com.control.widget.custom.panel.wallpaper.pack,Control Widget: Theme & Panels,aplicativo de personalização do celular,false,5,5,28,73,22,50,15,ranked,undefined,0,0,0,null
com.control.widget.custom.panel.wallpaper.pack,Control Widget: Theme & Panels,app theme style,false,5,22,9,73,22,50,29,ranked,-5,0,0,0,null
com.control.widget.custom.panel.wallpaper.pack,Control Widget: Theme & Panels,customize phone,false,5,5,8,73,22,50,30,ranked,-5,0,0,0,null
com.control.widget.custom.panel.wallpaper.pack,Control Widget: Theme & Panels,aplicativo para deixar o celular mais bonito,false,5,5,13,73,22,50,42,ranked,undefined,0,0,0,null
com.control.widget.custom.panel.wallpaper.pack,Control Widget: Theme & Panels,decora el teléfono,false,5,5,23,73,22,213,26,ranked,2,0,0,0,null
com.control.widget.custom.panel.wallpaper.pack,Control Widget: Theme & Panels,icontrol center ios 17,false,5,24,4,73,22,250,198,estimated,0,0,0,0,null
com.control.widget.custom.panel.wallpaper.pack,Control Widget: Theme & Panels,controle personalizado,false,5,5,22,75,23,250,9,ranked,-1,0,0,0,null
com.control.widget.custom.panel.wallpaper.pack,Control Widget: Theme & Panels,personalizadosem,false,5,5,33,73,22,50,Unranked,unranked,-242,0,0,0,null
com.control.widget.custom.panel.wallpaper.pack,Control Widget: Theme & Panels,informações personalizadas,true,5,5,7,73,22,202,Unranked,unranked,undefined,0,0,0,null
com.control.widget.custom.panel.wallpaper.pack,Control Widget: Theme & Panels,fluid themes,false,5,0,0,73,22,249,Unranked,unranked,undefined,0,0,0,null
com.control.widget.custom.panel.wallpaper.pack,Control Widget: Theme & Panels,celular coloridos,false,5,5,13,73,22,201,155,ranked,57,0,0,0,null
com.control.widget.custom.panel.wallpaper.pack,Control Widget: Theme & Panels,icontrol center,false,5,30,4,73,22,249,64,estimated,0,0,0,0,null
com.control.widget.custom.panel.wallpaper.pack,Control Widget: Theme & Panels,widget de controle,false,5,5,63,98,29,249,2,ranked,undefined,0,0,0,null
com.control.widget.custom.panel.wallpaper.pack,Control Widget: Theme & Panels,easy widgets,false,5,5,3,73,22,50,26,ranked,undefined,0,0,0,null
