App Id,App Name,Keyword,Brand,Volume,Max. Volume,Difficulty,KEI,Rank,Rank Status,Growth (Yesterday)
com.filter.ar.effect.camera3d.fyp.meme,AR Filter: FYP Dogy Filter,ar फिल्टर ऐप,false,5,5,93,1,18,ranked,0
com.filter.ar.effect.camera3d.fyp.meme,AR Filter: FYP Dogy Filter,ar कैमरा ऐप,false,5,5,73,1,Unranked,unranked,0
com.filter.ar.effect.camera3d.fyp.meme,AR Filter: FYP Dogy Filter,ar वीडियो फिल्टर,false,5,5,83,1,Unranked,unranked,0
com.filter.ar.effect.camera3d.fyp.meme,AR Filter: FYP Dogy Filter,ar फोटो फिल्टर,false,5,5,71,1,Unranked,unranked,0
com.filter.ar.effect.camera3d.fyp.meme,AR Filter: FYP Dogy Filter,ar फेस फिल्टर,false,5,5,22,9,11,ranked,0
com.filter.ar.effect.camera3d.fyp.meme,AR Filter: FYP Dogy Filter,ar कैरेक्टर फिल्टर,false,5,5,11,30,1,ranked,0
com.filter.ar.effect.camera3d.fyp.meme,AR Filter: FYP Dogy Filter,ar एनिमल फिल्टर,false,5,5,0,15,Unranked,unranked,0
com.filter.ar.effect.camera3d.fyp.meme,AR Filter: FYP Dogy Filter,ऑगमेंटेड रियलिटी कैमरा,false,5,5,17,10,Unranked,unranked,0
com.filter.ar.effect.camera3d.fyp.meme,AR Filter: FYP Dogy Filter,3d एनिमेटेड कैरेक्टर,false,5,5,0,15,Unranked,unranked,0
com.filter.ar.effect.camera3d.fyp.meme,AR Filter: FYP Dogy Filter,3d अवतार फिल्टर,false,5,5,4,14,Unranked,unranked,0
com.filter.ar.effect.camera3d.fyp.meme,AR Filter: FYP Dogy Filter,3d वीडियो इफेक्ट,false,5,5,20,9,Unranked,unranked,0
com.filter.ar.effect.camera3d.fyp.meme,AR Filter: FYP Dogy Filter,3d कैमरा फिल्टर,false,5,5,0,15,85,ranked,0
com.filter.ar.effect.camera3d.fyp.meme,AR Filter: FYP Dogy Filter,3d फिल्टर ऐप,false,5,5,0,15,Unranked,unranked,0
com.filter.ar.effect.camera3d.fyp.meme,AR Filter: FYP Dogy Filter,चलता फिरता कैरेक्टर,false,5,5,62,2,Unranked,unranked,0
com.filter.ar.effect.camera3d.fyp.meme,AR Filter: FYP Dogy Filter,डांसिंग कैरेक्टर,false,5,5,4,14,Unranked,unranked,0
com.filter.ar.effect.camera3d.fyp.meme,AR Filter: FYP Dogy Filter,फनी 3d कैरेक्टर,false,5,5,24,8,Unranked,unranked,0
com.filter.ar.effect.camera3d.fyp.meme,AR Filter: FYP Dogy Filter,क्यूट 3d कैरेक्टर,false,5,5,4,14,Unranked,unranked,0
com.filter.ar.effect.camera3d.fyp.meme,AR Filter: FYP Dogy Filter,वीडियो में 3d कैरेक्टर,false,5,5,25,8,Unranked,unranked,0
com.filter.ar.effect.camera3d.fyp.meme,AR Filter: FYP Dogy Filter,क्यूट फेस फिल्टर,false,5,5,41,5,56,ranked,0
com.filter.ar.effect.camera3d.fyp.meme,AR Filter: FYP Dogy Filter,मजेदार फेस इफेक्ट,false,5,5,0,15,Unranked,unranked,0
com.filter.ar.effect.camera3d.fyp.meme,AR Filter: FYP Dogy Filter,चेहरा फिल्टर,false,5,0,34,6,27,ranked,0
com.filter.ar.effect.camera3d.fyp.meme,AR Filter: FYP Dogy Filter,चेहरा इफेक्ट,false,5,5,19,10,Unranked,unranked,0
com.filter.ar.effect.camera3d.fyp.meme,AR Filter: FYP Dogy Filter,चेहरा बदलने वाला फिल्टर,false,5,5,20,9,Unranked,unranked,0
com.filter.ar.effect.camera3d.fyp.meme,AR Filter: FYP Dogy Filter,फनी फेस चेंजर,false,5,5,0,15,Unranked,unranked,0
com.filter.ar.effect.camera3d.fyp.meme,AR Filter: FYP Dogy Filter,कैमरा फेस फिल्टर,false,5,5,38,5,Unranked,unranked,0
com.filter.ar.effect.camera3d.fyp.meme,AR Filter: FYP Dogy Filter,वीडियो फेस फिल्टर,false,5,5,5,14,Unranked,unranked,0
com.filter.ar.effect.camera3d.fyp.meme,AR Filter: FYP Dogy Filter,सेल्फी फेस फिल्टर,false,5,5,61,2,Unranked,unranked,0
com.filter.ar.effect.camera3d.fyp.meme,AR Filter: FYP Dogy Filter,फेस फिल्टर ऐप,false,5,0,40,5,Unranked,unranked,0
com.filter.ar.effect.camera3d.fyp.meme,AR Filter: FYP Dogy Filter,क्यूट फिल्टर,false,5,5,55,2,Unranked,unranked,0
com.filter.ar.effect.camera3d.fyp.meme,AR Filter: FYP Dogy Filter,अजीब फिल्टर,false,5,0,28,7,Unranked,unranked,0
com.filter.ar.effect.camera3d.fyp.meme,AR Filter: FYP Dogy Filter,मेम फिल्टर,false,5,5,0,15,Unranked,unranked,0
com.filter.ar.effect.camera3d.fyp.meme,AR Filter: FYP Dogy Filter,फनी मेम फिल्टर,false,5,5,0,15,Unranked,unranked,0
com.filter.ar.effect.camera3d.fyp.meme,AR Filter: FYP Dogy Filter,मेम इफेक्ट,false,5,5,0,15,Unranked,unranked,0
com.filter.ar.effect.camera3d.fyp.meme,AR Filter: FYP Dogy Filter,मेम वीडियो मेकर,false,5,5,0,15,Unranked,unranked,0
com.filter.ar.effect.camera3d.fyp.meme,AR Filter: FYP Dogy Filter,मजेदार वीडियो मेकर,false,5,5,24,8,Unranked,unranked,0
com.filter.ar.effect.camera3d.fyp.meme,AR Filter: FYP Dogy Filter,मजेदार वीडियो इफेक्ट,false,5,5,8,13,Unranked,unranked,0
com.filter.ar.effect.camera3d.fyp.meme,AR Filter: FYP Dogy Filter,शॉर्ट वीडियो इफेक्ट,false,5,5,41,5,Unranked,unranked,0
com.filter.ar.effect.camera3d.fyp.meme,AR Filter: FYP Dogy Filter,वीडियो के लिए फिल्टर,false,5,0,61,2,Unranked,unranked,0
com.filter.ar.effect.camera3d.fyp.meme,AR Filter: FYP Dogy Filter,रील वीडियो फिल्टर,false,5,5,94,1,Unranked,unranked,0
com.filter.ar.effect.camera3d.fyp.meme,AR Filter: FYP Dogy Filter,कंटेंट वीडियो फिल्टर,false,5,5,56,2,Unranked,unranked,0
com.filter.ar.effect.camera3d.fyp.meme,AR Filter: FYP Dogy Filter,ट्रेंड फिल्टर,false,5,5,45,4,Unranked,unranked,0
com.filter.ar.effect.camera3d.fyp.meme,AR Filter: FYP Dogy Filter,वायरल फिल्टर,false,5,5,24,8,Unranked,unranked,0
com.filter.ar.effect.camera3d.fyp.meme,AR Filter: FYP Dogy Filter,मजेदार कैमरा,false,5,0,50,3,Unranked,unranked,0
com.filter.ar.effect.camera3d.fyp.meme,AR Filter: FYP Dogy Filter,कैमरा फिल्टर ऐप,false,5,5,49,3,Unranked,unranked,0
com.filter.ar.effect.camera3d.fyp.meme,AR Filter: FYP Dogy Filter,फनी कैमरा ऐप,false,5,5,11,12,Unranked,unranked,0
com.filter.ar.effect.camera3d.fyp.meme,AR Filter: FYP Dogy Filter,वीडियो कैमरा फिल्टर,false,5,5,38,5,Unranked,unranked,0
com.filter.ar.effect.camera3d.fyp.meme,AR Filter: FYP Dogy Filter,फोटो कैमरा फिल्टर,false,5,5,49,3,Unranked,unranked,0
com.filter.ar.effect.camera3d.fyp.meme,AR Filter: FYP Dogy Filter,सेल्फी कैमरा फिल्टर,false,5,5,25,8,Unranked,unranked,0
com.filter.ar.effect.camera3d.fyp.meme,AR Filter: FYP Dogy Filter,फोटो इफेक्ट,false,9,9,43,6,Unranked,unranked,0
com.filter.ar.effect.camera3d.fyp.meme,AR Filter: FYP Dogy Filter,फनी फोटो फिल्टर,false,5,5,0,15,Unranked,unranked,0
com.filter.ar.effect.camera3d.fyp.meme,AR Filter: FYP Dogy Filter,फनी फोटो इफेक्ट,false,5,5,0,15,Unranked,unranked,0
com.filter.ar.effect.camera3d.fyp.meme,AR Filter: FYP Dogy Filter,कुत्ता फिल्टर,false,5,5,0,15,49,ranked,0
com.filter.ar.effect.camera3d.fyp.meme,AR Filter: FYP Dogy Filter,कुत्ते वाला फिल्टर,false,5,5,0,15,12,ranked,0
com.filter.ar.effect.camera3d.fyp.meme,AR Filter: FYP Dogy Filter,डॉगी फेस फिल्टर,false,5,5,0,28,2,ranked,0
com.filter.ar.effect.camera3d.fyp.meme,AR Filter: FYP Dogy Filter,मजेदार डॉग फिल्टर,false,5,5,0,15,31,ranked,0
com.filter.ar.effect.camera3d.fyp.meme,AR Filter: FYP Dogy Filter,डॉग वीडियो फिल्टर,false,5,5,0,15,Unranked,unranked,0
com.filter.ar.effect.camera3d.fyp.meme,AR Filter: FYP Dogy Filter,डॉगी वीडियो इफेक्ट,false,5,5,3,14,Unranked,unranked,0
com.filter.ar.effect.camera3d.fyp.meme,AR Filter: FYP Dogy Filter,जानवर वाला फिल्टर,false,5,5,21,9,Unranked,unranked,0
com.filter.ar.effect.camera3d.fyp.meme,AR Filter: FYP Dogy Filter,क्यूट एनिमल फिल्टर,false,5,5,0,15,Unranked,unranked,0
com.filter.ar.effect.camera3d.fyp.meme,AR Filter: FYP Dogy Filter,फनी एनिमल फिल्टर,false,5,5,0,15,Unranked,unranked,0
com.filter.ar.effect.camera3d.fyp.meme,AR Filter: FYP Dogy Filter,एनिमल फेस फिल्टर,false,5,5,0,15,Unranked,unranked,0
com.filter.ar.effect.camera3d.fyp.meme,AR Filter: FYP Dogy Filter,फनी फेस इफेक्ट,false,5,5,0,15,Unranked,unranked,0
com.filter.ar.effect.camera3d.fyp.meme,AR Filter: FYP Dogy Filter,फनी फिल्टर,false,5,0,0,15,Unranked,unranked,0
com.filter.ar.effect.camera3d.fyp.meme,AR Filter: FYP Dogy Filter,मजेदार फिल्टर,false,5,0,40,5,Unranked,unranked,0
com.filter.ar.effect.camera3d.fyp.meme,AR Filter: FYP Dogy Filter,क्रेजी फिल्टर,false,5,5,0,15,Unranked,unranked,0
com.filter.ar.effect.camera3d.fyp.meme,AR Filter: FYP Dogy Filter,फनी मीम फिल्टर,false,5,5,0,15,Unranked,unranked,0
com.filter.ar.effect.camera3d.fyp.meme,AR Filter: FYP Dogy Filter,डॉग कैमरा फिल्टर,false,5,5,10,12,Unranked,unranked,0
com.filter.ar.effect.camera3d.fyp.meme,AR Filter: FYP Dogy Filter,क्यूट डॉग फिल्टर,false,5,5,0,15,20,ranked,0
com.filter.ar.effect.camera3d.fyp.meme,AR Filter: FYP Dogy Filter,डॉग मीम फिल्टर,false,5,5,0,15,14,ranked,0
com.filter.ar.effect.camera3d.fyp.meme,AR Filter: FYP Dogy Filter,डांसिंग डॉग फिल्टर,false,5,5,7,13,Unranked,unranked,0
com.filter.ar.effect.camera3d.fyp.meme,AR Filter: FYP Dogy Filter,एनिमल फिल्टर,false,5,5,0,15,Unranked,unranked,0
com.filter.ar.effect.camera3d.fyp.meme,AR Filter: FYP Dogy Filter,पेट फिल्टर,false,5,5,82,1,Unranked,unranked,0
com.filter.ar.effect.camera3d.fyp.meme,AR Filter: FYP Dogy Filter,3d डॉग कैरेक्टर,false,5,5,14,11,Unranked,unranked,0
com.filter.ar.effect.camera3d.fyp.meme,AR Filter: FYP Dogy Filter,ऑगमेंटेड रियलिटी फिल्टर,false,5,5,0,15,Unranked,unranked,0
com.filter.ar.effect.camera3d.fyp.meme,AR Filter: FYP Dogy Filter,ar फिल्टर,false,5,5,32,30,1,ranked,0
com.filter.ar.effect.camera3d.fyp.meme,AR Filter: FYP Dogy Filter,ar कैमरा,false,5,0,9,12,Unranked,unranked,0
com.filter.ar.effect.camera3d.fyp.meme,AR Filter: FYP Dogy Filter,ar इफेक्ट,false,5,5,51,3,Unranked,unranked,0
com.filter.ar.effect.camera3d.fyp.meme,AR Filter: FYP Dogy Filter,ar डॉग फिल्टर,false,5,5,0,24,7,ranked,0
com.filter.ar.effect.camera3d.fyp.meme,AR Filter: FYP Dogy Filter,ar डॉगी फिल्टर,false,5,5,0,26,5,ranked,0
com.filter.ar.effect.camera3d.fyp.meme,AR Filter: FYP Dogy Filter,ar कैरेक्टर,false,5,5,75,1,Unranked,unranked,0
com.filter.ar.effect.camera3d.fyp.meme,AR Filter: FYP Dogy Filter,3d कैरेक्टर,false,5,5,0,15,Unranked,unranked,0
com.filter.ar.effect.camera3d.fyp.meme,AR Filter: FYP Dogy Filter,3d कैरेक्टर फिल्टर,false,5,5,0,15,Unranked,unranked,0
com.filter.ar.effect.camera3d.fyp.meme,AR Filter: FYP Dogy Filter,एनिमेटेड कैरेक्टर,false,5,5,0,15,Unranked,unranked,0
com.filter.ar.effect.camera3d.fyp.meme,AR Filter: FYP Dogy Filter,वर्चुअल कैरेक्टर,false,5,5,0,15,Unranked,unranked,0
com.filter.ar.effect.camera3d.fyp.meme,AR Filter: FYP Dogy Filter,फेस फिल्टर,false,12,24,18,15,Unranked,unranked,0
com.filter.ar.effect.camera3d.fyp.meme,AR Filter: FYP Dogy Filter,फनी फेस फिल्टर,false,5,5,0,15,Unranked,unranked,0
com.filter.ar.effect.camera3d.fyp.meme,AR Filter: FYP Dogy Filter,मजेदार फेस फिल्टर,false,5,5,10,12,Unranked,unranked,0
com.filter.ar.effect.camera3d.fyp.meme,AR Filter: FYP Dogy Filter,अजीब फेस फिल्टर,false,5,5,0,15,Unranked,unranked,0
com.filter.ar.effect.camera3d.fyp.meme,AR Filter: FYP Dogy Filter,फेस इफेक्ट,false,5,5,9,12,Unranked,unranked,0
com.filter.ar.effect.camera3d.fyp.meme,AR Filter: FYP Dogy Filter,फेस चेंजर,false,5,5,10,12,Unranked,unranked,0
com.filter.ar.effect.camera3d.fyp.meme,AR Filter: FYP Dogy Filter,कैमरा फिल्टर,false,5,19,48,3,Unranked,unranked,0
com.filter.ar.effect.camera3d.fyp.meme,AR Filter: FYP Dogy Filter,कैमरा इफेक्ट,false,5,5,42,4,Unranked,unranked,0
com.filter.ar.effect.camera3d.fyp.meme,AR Filter: FYP Dogy Filter,फनी कैमरा,false,18,18,0,28,Unranked,unranked,0
com.filter.ar.effect.camera3d.fyp.meme,AR Filter: FYP Dogy Filter,वीडियो फिल्टर,false,5,5,93,1,Unranked,unranked,0
com.filter.ar.effect.camera3d.fyp.meme,AR Filter: FYP Dogy Filter,वीडियो इफेक्ट,false,5,5,34,6,Unranked,unranked,0
com.filter.ar.effect.camera3d.fyp.meme,AR Filter: FYP Dogy Filter,फनी वीडियो इफेक्ट,false,5,5,0,15,Unranked,unranked,0
com.filter.ar.effect.camera3d.fyp.meme,AR Filter: FYP Dogy Filter,मीम फिल्टर,false,5,5,0,15,Unranked,unranked,0
com.filter.ar.effect.camera3d.fyp.meme,AR Filter: FYP Dogy Filter,मीम वीडियो मेकर,false,5,5,0,15,Unranked,unranked,0
com.filter.ar.effect.camera3d.fyp.meme,AR Filter: FYP Dogy Filter,फनी वीडियो मेकर,false,5,5,11,12,Unranked,unranked,0
com.filter.ar.effect.camera3d.fyp.meme,AR Filter: FYP Dogy Filter,डॉग फिल्टर,false,5,0,0,15,24,ranked,0
com.filter.ar.effect.camera3d.fyp.meme,AR Filter: FYP Dogy Filter,डॉगी फिल्टर,false,5,5,0,25,6,ranked,0
com.filter.ar.effect.camera3d.fyp.meme,AR Filter: FYP Dogy Filter,डॉग फेस फिल्टर,false,5,5,0,25,6,ranked,0
com.filter.ar.effect.camera3d.fyp.meme,AR Filter: FYP Dogy Filter,फनी डॉग फिल्टर,false,5,5,0,15,14,ranked,0
com.filter.ar.effect.camera3d.fyp.meme,AR Filter: FYP Dogy Filter,पपी फिल्टर,false,5,5,28,7,Unranked,unranked,0
com.filter.ar.effect.camera3d.fyp.meme,AR Filter: FYP Dogy Filter,ar,false,27,37,7,33,Unranked,unranked,undefined
com.filter.ar.effect.camera3d.fyp.meme,AR Filter: FYP Dogy Filter,ar filter,false,5,0,0,30,1,ranked,0
com.filter.ar.effect.camera3d.fyp.meme,AR Filter: FYP Dogy Filter,ar filters,false,7,7,0,32,2,ranked,0
com.filter.ar.effect.camera3d.fyp.meme,AR Filter: FYP Dogy Filter,ar camera,false,6,0,0,16,Unranked,unranked,0
com.filter.ar.effect.camera3d.fyp.meme,AR Filter: FYP Dogy Filter,ar effects,false,5,0,0,15,34,ranked,0
com.filter.ar.effect.camera3d.fyp.meme,AR Filter: FYP Dogy Filter,ar video filter,false,5,5,36,29,1,ranked,0
com.filter.ar.effect.camera3d.fyp.meme,AR Filter: FYP Dogy Filter,ar face filter,false,5,0,0,22,9,ranked,0
com.filter.ar.effect.camera3d.fyp.meme,AR Filter: FYP Dogy Filter,ar dog filter,false,5,5,0,22,10,ranked,0
com.filter.ar.effect.camera3d.fyp.meme,AR Filter: FYP Dogy Filter,ar dogy filter,false,5,5,0,26,4,ranked,0
com.filter.ar.effect.camera3d.fyp.meme,AR Filter: FYP Dogy Filter,ar character,false,14,0,22,15,Unranked,unranked,0
com.filter.ar.effect.camera3d.fyp.meme,AR Filter: FYP Dogy Filter,ar animal filter,false,5,5,0,22,10,ranked,0
com.filter.ar.effect.camera3d.fyp.meme,AR Filter: FYP Dogy Filter,augmented reality filter,false,5,5,0,15,14,ranked,0
com.filter.ar.effect.camera3d.fyp.meme,AR Filter: FYP Dogy Filter,augmented reality camera,false,13,0,0,23,Unranked,unranked,0
com.filter.ar.effect.camera3d.fyp.meme,AR Filter: FYP Dogy Filter,3d character,false,9,9,0,19,Unranked,unranked,0
com.filter.ar.effect.camera3d.fyp.meme,AR Filter: FYP Dogy Filter,3d characters,false,13,0,0,23,Unranked,unranked,0
com.filter.ar.effect.camera3d.fyp.meme,AR Filter: FYP Dogy Filter,3d character filter,false,5,5,0,30,1,ranked,0
com.filter.ar.effect.camera3d.fyp.meme,AR Filter: FYP Dogy Filter,3d animated character,false,5,5,0,15,Unranked,unranked,0
com.filter.ar.effect.camera3d.fyp.meme,AR Filter: FYP Dogy Filter,3d dog character,false,5,5,0,15,Unranked,unranked,0
com.filter.ar.effect.camera3d.fyp.meme,AR Filter: FYP Dogy Filter,3d avatar,false,5,0,0,15,Unranked,unranked,0
com.filter.ar.effect.camera3d.fyp.meme,AR Filter: FYP Dogy Filter,animated character,false,5,0,4,14,Unranked,unranked,0
com.filter.ar.effect.camera3d.fyp.meme,AR Filter: FYP Dogy Filter,virtual character,false,5,0,0,15,Unranked,unranked,0
com.filter.ar.effect.camera3d.fyp.meme,AR Filter: FYP Dogy Filter,dancing character,false,5,5,0,15,Unranked,unranked,0
com.filter.ar.effect.camera3d.fyp.meme,AR Filter: FYP Dogy Filter,funny 3d character,false,5,5,5,14,Unranked,unranked,0
com.filter.ar.effect.camera3d.fyp.meme,AR Filter: FYP Dogy Filter,cute 3d character,false,5,5,4,14,Unranked,unranked,0
com.filter.ar.effect.camera3d.fyp.meme,AR Filter: FYP Dogy Filter,video with 3d character,false,5,5,16,10,Unranked,unranked,0
com.filter.ar.effect.camera3d.fyp.meme,AR Filter: FYP Dogy Filter,face filter,false,5,0,25,8,Unranked,unranked,0
com.filter.ar.effect.camera3d.fyp.meme,AR Filter: FYP Dogy Filter,face filters,false,11,0,25,12,Unranked,unranked,0
com.filter.ar.effect.camera3d.fyp.meme,AR Filter: FYP Dogy Filter,funny face filter,false,13,0,0,23,Unranked,unranked,0
com.filter.ar.effect.camera3d.fyp.meme,AR Filter: FYP Dogy Filter,funny face filters,false,5,0,0,15,Unranked,unranked,0
com.filter.ar.effect.camera3d.fyp.meme,AR Filter: FYP Dogy Filter,weird face filter,false,5,5,0,15,Unranked,unranked,0
com.filter.ar.effect.camera3d.fyp.meme,AR Filter: FYP Dogy Filter,cute face filter,false,5,5,24,8,Unranked,unranked,0
com.filter.ar.effect.camera3d.fyp.meme,AR Filter: FYP Dogy Filter,face effects,false,5,0,0,15,Unranked,unranked,0
com.filter.ar.effect.camera3d.fyp.meme,AR Filter: FYP Dogy Filter,funny face effects,false,5,5,0,15,Unranked,unranked,0
com.filter.ar.effect.camera3d.fyp.meme,AR Filter: FYP Dogy Filter,face changer,false,20,0,10,25,Unranked,unranked,0
com.filter.ar.effect.camera3d.fyp.meme,AR Filter: FYP Dogy Filter,funny face changer,false,5,0,0,15,Unranked,unranked,0
com.filter.ar.effect.camera3d.fyp.meme,AR Filter: FYP Dogy Filter,camera face filter,false,5,5,31,7,Unranked,unranked,0
com.filter.ar.effect.camera3d.fyp.meme,AR Filter: FYP Dogy Filter,video face filter,false,13,0,54,6,Unranked,unranked,0
com.filter.ar.effect.camera3d.fyp.meme,AR Filter: FYP Dogy Filter,selfie face filter,false,5,5,37,5,Unranked,unranked,0
com.filter.ar.effect.camera3d.fyp.meme,AR Filter: FYP Dogy Filter,funny filters,false,5,0,0,15,Unranked,unranked,0
com.filter.ar.effect.camera3d.fyp.meme,AR Filter: FYP Dogy Filter,cute filters,false,12,12,41,8,Unranked,unranked,0
com.filter.ar.effect.camera3d.fyp.meme,AR Filter: FYP Dogy Filter,weird filters,false,12,12,0,22,Unranked,unranked,0
com.filter.ar.effect.camera3d.fyp.meme,AR Filter: FYP Dogy Filter,meme filter,false,12,12,0,22,Unranked,unranked,0
com.filter.ar.effect.camera3d.fyp.meme,AR Filter: FYP Dogy Filter,meme filters,false,12,12,0,22,Unranked,unranked,0
com.filter.ar.effect.camera3d.fyp.meme,AR Filter: FYP Dogy Filter,funny meme filter,false,9,9,0,19,Unranked,unranked,0
com.filter.ar.effect.camera3d.fyp.meme,AR Filter: FYP Dogy Filter,meme video maker,false,13,0,0,23,Unranked,unranked,0
com.filter.ar.effect.camera3d.fyp.meme,AR Filter: FYP Dogy Filter,funny video maker,false,5,0,8,13,Unranked,unranked,0
com.filter.ar.effect.camera3d.fyp.meme,AR Filter: FYP Dogy Filter,funny video effects,false,13,0,0,23,Unranked,unranked,0
com.filter.ar.effect.camera3d.fyp.meme,AR Filter: FYP Dogy Filter,short video effects,false,5,5,88,1,Unranked,unranked,0
com.filter.ar.effect.camera3d.fyp.meme,AR Filter: FYP Dogy Filter,video filter,false,5,29,82,1,Unranked,unranked,0
com.filter.ar.effect.camera3d.fyp.meme,AR Filter: FYP Dogy Filter,video effects,false,5,25,89,1,Unranked,unranked,0
com.filter.ar.effect.camera3d.fyp.meme,AR Filter: FYP Dogy Filter,filters for videos,false,7,0,70,2,Unranked,unranked,0
com.filter.ar.effect.camera3d.fyp.meme,AR Filter: FYP Dogy Filter,trending filter,false,5,0,57,2,Unranked,unranked,0
com.filter.ar.effect.camera3d.fyp.meme,AR Filter: FYP Dogy Filter,viral filter,false,9,9,33,8,Unranked,unranked,0
com.filter.ar.effect.camera3d.fyp.meme,AR Filter: FYP Dogy Filter,funny camera,false,7,0,0,17,Unranked,unranked,0
com.filter.ar.effect.camera3d.fyp.meme,AR Filter: FYP Dogy Filter,camera filter,false,5,0,32,6,Unranked,unranked,0
com.filter.ar.effect.camera3d.fyp.meme,AR Filter: FYP Dogy Filter,camera effects,false,7,19,23,10,Unranked,unranked,0
com.filter.ar.effect.camera3d.fyp.meme,AR Filter: FYP Dogy Filter,camera filter app,false,5,0,41,5,Unranked,unranked,0
com.filter.ar.effect.camera3d.fyp.meme,AR Filter: FYP Dogy Filter,funny camera app,false,13,0,0,23,Unranked,unranked,0
com.filter.ar.effect.camera3d.fyp.meme,AR Filter: FYP Dogy Filter,dog filter,false,18,18,0,28,14,ranked,0
com.filter.ar.effect.camera3d.fyp.meme,AR Filter: FYP Dogy Filter,dog face filter,false,5,0,0,15,17,ranked,0
com.filter.ar.effect.camera3d.fyp.meme,AR Filter: FYP Dogy Filter,dog camera filter,false,12,12,0,22,43,ranked,0
com.filter.ar.effect.camera3d.fyp.meme,AR Filter: FYP Dogy Filter,puppy filter,false,7,7,0,17,18,ranked,0
com.filter.ar.effect.camera3d.fyp.meme,AR Filter: FYP Dogy Filter,funny dog filter,false,5,0,0,15,16,ranked,0
com.filter.ar.effect.camera3d.fyp.meme,AR Filter: FYP Dogy Filter,cute dog filter,false,5,5,0,15,12,ranked,0
com.filter.ar.effect.camera3d.fyp.meme,AR Filter: FYP Dogy Filter,dog meme filter,false,12,12,0,22,22,ranked,0
com.filter.ar.effect.camera3d.fyp.meme,AR Filter: FYP Dogy Filter,dancing dog filter,false,5,5,24,8,Unranked,unranked,0
com.filter.ar.effect.camera3d.fyp.meme,AR Filter: FYP Dogy Filter,animal filter,false,13,0,0,23,Unranked,unranked,0
com.filter.ar.effect.camera3d.fyp.meme,AR Filter: FYP Dogy Filter,cute animal filter,false,5,5,0,15,Unranked,unranked,0
com.filter.ar.effect.camera3d.fyp.meme,AR Filter: FYP Dogy Filter,funny animal filter,false,5,5,0,15,Unranked,unranked,0
