App Id,App Name,Keyword,Brand,Volume,Max. Volume,Difficulty,KEI,Rank,Rank Status
com.prank.sound.airhorn.haircut.razor.clipper,Prank Sounds: Haircut & Taser,buzz prank,false,9,9,30,11,Unranked,unranked
com.prank.sound.airhorn.haircut.razor.clipper,Prank Sounds: Haircut & Taser,prank screen,false,9,9,0,22,Unranked,unranked
com.prank.sound.airhorn.haircut.razor.clipper,Prank Sounds: Haircut & Taser,fake vape prank,false,9,22,0,22,Unranked,unranked
com.prank.sound.airhorn.haircut.razor.clipper,Prank Sounds: Haircut & Taser,prankgram instagram prank chat,false,9,22,0,22,Unranked,unranked
com.prank.sound.airhorn.haircut.razor.clipper,Prank Sounds: Haircut & Taser,radar prank,false,9,22,0,22,Unranked,unranked
com.prank.sound.airhorn.haircut.razor.clipper,Prank Sounds: Haircut & Taser,fake razor app,false,9,9,0,22,98,ranked
com.prank.sound.airhorn.haircut.razor.clipper,Prank Sounds: Haircut & Taser,make me bald prank,true,9,12,2,21,29,ranked
com.prank.sound.airhorn.haircut.razor.clipper,Prank Sounds: Haircut & Taser,bom humor,false,9,30,0,22,Unranked,unranked
com.prank.sound.airhorn.haircut.razor.clipper,Prank Sounds: Haircut & Taser,vape prank gun,false,9,12,0,22,102,ranked
com.prank.sound.airhorn.haircut.razor.clipper,Prank Sounds: Haircut & Taser,dj funny sound effects,false,9,9,0,22,Unranked,unranked
com.prank.sound.airhorn.haircut.razor.clipper,Prank Sounds: Haircut & Taser,fake hair buzzer,false,9,26,0,22,23,ranked
com.prank.sound.airhorn.haircut.razor.clipper,Prank Sounds: Haircut & Taser,gun taser,false,9,22,0,22,100,ranked
com.prank.sound.airhorn.haircut.razor.clipper,Prank Sounds: Haircut & Taser,razor sound effect,false,9,22,0,22,34,ranked
com.prank.sound.airhorn.haircut.razor.clipper,Prank Sounds: Haircut & Taser,filtro zuado,false,9,9,3,20,Unranked,unranked
com.prank.sound.airhorn.haircut.razor.clipper,Prank Sounds: Haircut & Taser,fake trimmer,false,9,22,0,22,Unranked,unranked
com.prank.sound.airhorn.haircut.razor.clipper,Prank Sounds: Haircut & Taser,sounds app,false,9,9,0,22,Unranked,unranked
com.prank.sound.airhorn.haircut.razor.clipper,Prank Sounds: Haircut & Taser,hair clipper prank 2023,false,9,9,0,22,31,ranked
com.prank.sound.airhorn.haircut.razor.clipper,Prank Sounds: Haircut & Taser,corte buzz tiktok,false,9,9,64,4,Unranked,unranked
com.prank.sound.airhorn.haircut.razor.clipper,Prank Sounds: Haircut & Taser,crazy sounds,false,9,0,0,22,Unranked,unranked
com.prank.sound.airhorn.haircut.razor.clipper,Prank Sounds: Haircut & Taser,máquina de cortar cabelo,true,25,25,0,39,Unranked,unranked
com.prank.sound.airhorn.haircut.razor.clipper,Prank Sounds: Haircut & Taser,taser simulator,true,21,32,0,35,36,ranked
com.prank.sound.airhorn.haircut.razor.clipper,Prank Sounds: Haircut & Taser,taser de choque,false,21,32,0,35,38,ranked
com.prank.sound.airhorn.haircut.razor.clipper,Prank Sounds: Haircut & Taser,taser stun gun,false,21,32,0,35,Unranked,unranked
com.prank.sound.airhorn.haircut.razor.clipper,Prank Sounds: Haircut & Taser,piadas engraçadas,false,21,32,1,34,Unranked,unranked
com.prank.sound.airhorn.haircut.razor.clipper,Prank Sounds: Haircut & Taser,fart girl,false,21,21,4,33,Unranked,unranked
com.prank.sound.airhorn.haircut.razor.clipper,Prank Sounds: Haircut & Taser,risada,false,21,32,0,35,Unranked,unranked
com.prank.sound.airhorn.haircut.razor.clipper,Prank Sounds: Haircut & Taser,raspar cabelo,false,18,30,38,15,123,ranked
com.prank.sound.airhorn.haircut.razor.clipper,Prank Sounds: Haircut & Taser,afeitadora,false,18,18,0,32,78,ranked
com.prank.sound.airhorn.haircut.razor.clipper,Prank Sounds: Haircut & Taser,máquina de afeitar,false,18,30,0,32,32,ranked
com.prank.sound.airhorn.haircut.razor.clipper,Prank Sounds: Haircut & Taser,fart game,false,18,30,0,32,Unranked,unranked
com.prank.sound.airhorn.haircut.razor.clipper,Prank Sounds: Haircut & Taser,maquina de afeitar,false,18,18,0,32,33,ranked
com.prank.sound.airhorn.haircut.razor.clipper,Prank Sounds: Haircut & Taser,stun gun,false,18,30,0,32,104,ranked
com.prank.sound.airhorn.haircut.razor.clipper,Prank Sounds: Haircut & Taser,sounds,false,18,18,0,32,Unranked,unranked
com.prank.sound.airhorn.haircut.razor.clipper,Prank Sounds: Haircut & Taser,fart simulator,false,18,18,0,32,Unranked,unranked
com.prank.sound.airhorn.haircut.razor.clipper,Prank Sounds: Haircut & Taser,air horn sounds,true,18,24,0,32,Unranked,unranked
com.prank.sound.airhorn.haircut.razor.clipper,Prank Sounds: Haircut & Taser,farting,false,18,30,0,32,Unranked,unranked
com.prank.sound.airhorn.haircut.razor.clipper,Prank Sounds: Haircut & Taser,engraçada,false,18,18,3,30,Unranked,unranked
com.prank.sound.airhorn.haircut.razor.clipper,Prank Sounds: Haircut & Taser,padne wala app,false,18,18,26,20,196,ranked
com.prank.sound.airhorn.haircut.razor.clipper,Prank Sounds: Haircut & Taser,shaver prank,false,14,26,0,37,7,ranked
com.prank.sound.airhorn.haircut.razor.clipper,Prank Sounds: Haircut & Taser,fart call,false,14,26,0,27,132,ranked
com.prank.sound.airhorn.haircut.razor.clipper,Prank Sounds: Haircut & Taser,vape prank,false,14,14,0,27,60,ranked
com.prank.sound.airhorn.haircut.razor.clipper,Prank Sounds: Haircut & Taser,funny effects,false,14,14,0,27,Unranked,unranked
com.prank.sound.airhorn.haircut.razor.clipper,Prank Sounds: Haircut & Taser,bomb prank,false,14,26,0,27,Unranked,unranked
com.prank.sound.airhorn.haircut.razor.clipper,Prank Sounds: Haircut & Taser,cage me nicolas cage prank,false,14,14,0,27,Unranked,unranked
com.prank.sound.airhorn.haircut.razor.clipper,Prank Sounds: Haircut & Taser,fausse tondeuse,false,14,26,0,27,45,ranked
com.prank.sound.airhorn.haircut.razor.clipper,Prank Sounds: Haircut & Taser,sons irritantes,false,14,14,0,27,168,ranked
com.prank.sound.airhorn.haircut.razor.clipper,Prank Sounds: Haircut & Taser,blow horn app,false,14,14,0,27,Unranked,unranked
com.prank.sound.airhorn.haircut.razor.clipper,Prank Sounds: Haircut & Taser,fart button,false,14,14,0,27,Unranked,unranked
com.prank.sound.airhorn.haircut.razor.clipper,Prank Sounds: Haircut & Taser,voz fuerte,false,14,14,20,19,Unranked,unranked
com.prank.sound.airhorn.haircut.razor.clipper,Prank Sounds: Haircut & Taser,piada engraçada,false,14,26,0,27,Unranked,unranked
com.prank.sound.airhorn.haircut.razor.clipper,Prank Sounds: Haircut & Taser,puka nacua,false,14,14,33,14,Unranked,unranked
com.prank.sound.airhorn.haircut.razor.clipper,Prank Sounds: Haircut & Taser,burp and fart,false,14,26,0,27,Unranked,unranked
com.prank.sound.airhorn.haircut.razor.clipper,Prank Sounds: Haircut & Taser,gargalhadas,false,14,30,0,27,Unranked,unranked
com.prank.sound.airhorn.haircut.razor.clipper,Prank Sounds: Haircut & Taser,dog prank game,false,12,24,0,25,Unranked,unranked
com.prank.sound.airhorn.haircut.razor.clipper,Prank Sounds: Haircut & Taser,shock taser,false,12,22,0,25,Unranked,unranked
com.prank.sound.airhorn.haircut.razor.clipper,Prank Sounds: Haircut & Taser,you farted,false,12,12,0,25,Unranked,unranked
com.prank.sound.airhorn.haircut.razor.clipper,Prank Sounds: Haircut & Taser,taser real,false,12,24,0,25,42,ranked
com.prank.sound.airhorn.haircut.razor.clipper,Prank Sounds: Haircut & Taser,epic prankster,true,12,26,4,23,62,estimated
com.prank.sound.airhorn.haircut.razor.clipper,Prank Sounds: Haircut & Taser,broma telefonica,false,12,12,0,25,Unranked,unranked
com.prank.sound.airhorn.haircut.razor.clipper,Prank Sounds: Haircut & Taser,broma falsa,false,12,12,0,25,Unranked,unranked
com.prank.sound.airhorn.haircut.razor.clipper,Prank Sounds: Haircut & Taser,clipper app,false,12,12,0,25,104,ranked
com.prank.sound.airhorn.haircut.razor.clipper,Prank Sounds: Haircut & Taser,taser gun simulator,false,12,24,0,25,Unranked,unranked
com.prank.sound.airhorn.haircut.razor.clipper,Prank Sounds: Haircut & Taser,weird noises,false,12,12,0,25,Unranked,unranked
com.prank.sound.airhorn.haircut.razor.clipper,Prank Sounds: Haircut & Taser,prank master,false,12,26,4,23,46,ranked
com.prank.sound.airhorn.haircut.razor.clipper,Prank Sounds: Haircut & Taser,prank video,false,12,24,13,20,Unranked,unranked
com.prank.sound.airhorn.haircut.razor.clipper,Prank Sounds: Haircut & Taser,gun prank sound,false,12,12,0,25,28,ranked
com.prank.sound.airhorn.haircut.razor.clipper,Prank Sounds: Haircut & Taser,prank insect,false,12,12,0,25,Unranked,unranked
com.prank.sound.airhorn.haircut.razor.clipper,Prank Sounds: Haircut & Taser,gun prank,false,12,26,0,25,53,ranked
com.prank.sound.airhorn.haircut.razor.clipper,Prank Sounds: Haircut & Taser,lcd prank,false,12,12,0,25,Unranked,unranked
com.prank.sound.airhorn.haircut.razor.clipper,Prank Sounds: Haircut & Taser,prank vídeo,true,12,24,13,20,Unranked,unranked
com.prank.sound.airhorn.haircut.razor.clipper,Prank Sounds: Haircut & Taser,broma llamada,false,12,12,0,25,Unranked,unranked
com.prank.sound.airhorn.haircut.razor.clipper,Prank Sounds: Haircut & Taser,naija funny sound effects,false,12,12,0,25,Unranked,unranked
com.prank.sound.airhorn.haircut.razor.clipper,Prank Sounds: Haircut & Taser,a real taser,false,12,20,0,25,45,ranked
com.prank.sound.airhorn.haircut.razor.clipper,Prank Sounds: Haircut & Taser,stun taser,false,12,24,0,25,Unranked,unranked
com.prank.sound.airhorn.haircut.razor.clipper,Prank Sounds: Haircut & Taser,taser eléctrico,false,12,12,0,25,44,ranked
com.prank.sound.airhorn.haircut.razor.clipper,Prank Sounds: Haircut & Taser,hair cut razor,false,12,24,0,25,49,ranked
com.prank.sound.airhorn.haircut.razor.clipper,Prank Sounds: Haircut & Taser,stun gun simulator,false,12,24,0,25,Unranked,unranked
com.prank.sound.airhorn.haircut.razor.clipper,Prank Sounds: Haircut & Taser,barulhento,false,12,24,0,25,Unranked,unranked
com.prank.sound.airhorn.haircut.razor.clipper,Prank Sounds: Haircut & Taser,taser gun real gun sound,false,12,24,0,25,71,ranked
com.prank.sound.airhorn.haircut.razor.clipper,Prank Sounds: Haircut & Taser,fart button prank,false,12,12,0,25,Unranked,unranked
com.prank.sound.airhorn.haircut.razor.clipper,Prank Sounds: Haircut & Taser,trote falso,false,12,0,4,23,Unranked,unranked
com.prank.sound.airhorn.haircut.razor.clipper,Prank Sounds: Haircut & Taser,sounds effects,false,12,14,0,25,171,ranked
com.prank.sound.airhorn.haircut.razor.clipper,Prank Sounds: Haircut & Taser,air horn sounds siren prank,true,12,12,0,25,Unranked,unranked
com.prank.sound.airhorn.haircut.razor.clipper,Prank Sounds: Haircut & Taser,app engraçado,false,12,24,0,25,Unranked,unranked
com.prank.sound.airhorn.haircut.razor.clipper,Prank Sounds: Haircut & Taser,dj air horn sound effect,false,12,12,0,25,Unranked,unranked
com.prank.sound.airhorn.haircut.razor.clipper,Prank Sounds: Haircut & Taser,rap horn,false,12,12,0,25,Unranked,unranked
com.prank.sound.airhorn.haircut.razor.clipper,Prank Sounds: Haircut & Taser,trocadilhos,false,12,24,1,24,Unranked,unranked
com.prank.sound.airhorn.haircut.razor.clipper,Prank Sounds: Haircut & Taser,dj air horn app,false,12,12,0,25,Unranked,unranked
com.prank.sound.airhorn.haircut.razor.clipper,Prank Sounds: Haircut & Taser,sons de bomba,false,12,24,0,25,Unranked,unranked
com.prank.sound.airhorn.haircut.razor.clipper,Prank Sounds: Haircut & Taser,dj air horn,false,12,26,0,25,Unranked,unranked
com.prank.sound.airhorn.haircut.razor.clipper,Prank Sounds: Haircut & Taser,horn app,false,12,14,0,25,Unranked,unranked
com.prank.sound.airhorn.haircut.razor.clipper,Prank Sounds: Haircut & Taser,funny voice,false,12,22,0,25,Unranked,unranked
com.prank.sound.airhorn.haircut.razor.clipper,Prank Sounds: Haircut & Taser,buzina,false,10,35,0,23,132,estimated
com.prank.sound.airhorn.haircut.razor.clipper,Prank Sounds: Haircut & Taser,fake clippers,false,9,22,22,14,Unranked,unranked
com.prank.sound.airhorn.haircut.razor.clipper,Prank Sounds: Haircut & Taser,hair clipper joke,false,9,22,4,20,19,ranked
com.prank.sound.airhorn.haircut.razor.clipper,Prank Sounds: Haircut & Taser,prank filters,false,9,12,0,22,Unranked,unranked
com.prank.sound.airhorn.haircut.razor.clipper,Prank Sounds: Haircut & Taser,head shaver prank,false,9,22,0,22,21,ranked
com.prank.sound.airhorn.haircut.razor.clipper,Prank Sounds: Haircut & Taser,electric taser,false,9,22,0,22,Unranked,unranked
com.prank.sound.airhorn.haircut.razor.clipper,Prank Sounds: Haircut & Taser,real taser,false,9,22,0,22,35,ranked
com.prank.sound.airhorn.haircut.razor.clipper,Prank Sounds: Haircut & Taser,vape games prank,false,9,14,0,22,91,ranked
com.prank.sound.airhorn.haircut.razor.clipper,Prank Sounds: Haircut & Taser,clippers app,false,9,22,0,22,103,estimated
com.prank.sound.airhorn.haircut.razor.clipper,Prank Sounds: Haircut & Taser,prank hotline,false,9,22,0,22,Unranked,unranked
com.prank.sound.airhorn.haircut.razor.clipper,Prank Sounds: Haircut & Taser,prank teacher,false,9,9,0,22,115,ranked
com.prank.sound.airhorn.haircut.razor.clipper,Prank Sounds: Haircut & Taser,aplicativo de pegadinha de corte,false,5,5,26,10,17,ranked
com.prank.sound.airhorn.haircut.razor.clipper,Prank Sounds: Haircut & Taser,ar de pegadinha de corte de cabelo,false,5,0,17,12,12,ranked
com.prank.sound.airhorn.haircut.razor.clipper,Prank Sounds: Haircut & Taser,barulhos estranhos,false,5,22,20,11,56,ranked
com.prank.sound.airhorn.haircut.razor.clipper,Prank Sounds: Haircut & Taser,buzina de ar de pegadinha de corte de cabelo e peido,false,5,5,21,11,30,ranked
com.prank.sound.airhorn.haircut.razor.clipper,Prank Sounds: Haircut & Taser,buzina de ar e peido de pegadinha de corte de cabelo,false,5,0,21,11,61,ranked
com.prank.sound.airhorn.haircut.razor.clipper,Prank Sounds: Haircut & Taser,cabelo de pegadinha de corte de cabelo,false,5,0,34,8,15,ranked
com.prank.sound.airhorn.haircut.razor.clipper,Prank Sounds: Haircut & Taser,fake noise,false,5,5,22,24,7,ranked
com.prank.sound.airhorn.haircut.razor.clipper,Prank Sounds: Haircut & Taser,hair clipper prank offline,false,5,5,9,14,14,ranked
com.prank.sound.airhorn.haircut.razor.clipper,Prank Sounds: Haircut & Taser,haircut prank offline,false,5,5,15,27,4,ranked
com.prank.sound.airhorn.haircut.razor.clipper,Prank Sounds: Haircut & Taser,pegadinha de corte de cabelo com buzina de ar e peido,false,5,5,21,11,54,ranked
com.prank.sound.airhorn.haircut.razor.clipper,Prank Sounds: Haircut & Taser,peido de pegadinha de corte de cabelo,false,5,5,21,11,38,ranked
com.prank.sound.airhorn.haircut.razor.clipper,Prank Sounds: Haircut & Taser,som de pegadinha de corte,false,5,5,31,8,21,ranked
com.prank.sound.airhorn.haircut.razor.clipper,Prank Sounds: Haircut & Taser,som de pegadinha de corte de cabelo e peido,false,5,0,21,11,29,ranked
com.prank.sound.airhorn.haircut.razor.clipper,Prank Sounds: Haircut & Taser,sons de corte de cabelo engraçados,false,5,5,22,11,11,ranked
com.prank.sound.airhorn.haircut.razor.clipper,Prank Sounds: Haircut & Taser,ownage pranks,false,21,25,0,35,Unranked,unranked
com.prank.sound.airhorn.haircut.razor.clipper,Prank Sounds: Haircut & Taser,taser app,false,21,24,0,35,18,ranked
com.prank.sound.airhorn.haircut.razor.clipper,Prank Sounds: Haircut & Taser,prank app,false,18,30,10,27,19,ranked
com.prank.sound.airhorn.haircut.razor.clipper,Prank Sounds: Haircut & Taser,trending prank,true,18,18,19,22,Unranked,unranked
com.prank.sound.airhorn.haircut.razor.clipper,Prank Sounds: Haircut & Taser,farts,false,18,30,0,32,Unranked,unranked
com.prank.sound.airhorn.haircut.razor.clipper,Prank Sounds: Haircut & Taser,cortapelos broma maquinilla,false,14,26,5,25,35,ranked
com.prank.sound.airhorn.haircut.razor.clipper,Prank Sounds: Haircut & Taser,kusu prank app,false,14,14,0,27,31,ranked
com.prank.sound.airhorn.haircut.razor.clipper,Prank Sounds: Haircut & Taser,hey prank,false,14,24,0,27,18,ranked
com.prank.sound.airhorn.haircut.razor.clipper,Prank Sounds: Haircut & Taser,prank apps,false,14,24,0,27,40,ranked
com.prank.sound.airhorn.haircut.razor.clipper,Prank Sounds: Haircut & Taser,hair clipper prank,true,14,26,4,25,14,ranked
com.prank.sound.airhorn.haircut.razor.clipper,Prank Sounds: Haircut & Taser,joke sound,false,14,24,0,27,25,ranked
com.prank.sound.airhorn.haircut.razor.clipper,Prank Sounds: Haircut & Taser,razor and taser prank simulator,true,14,14,43,34,10,ranked
com.prank.sound.airhorn.haircut.razor.clipper,Prank Sounds: Haircut & Taser,tasers,false,14,26,0,27,23,ranked
com.prank.sound.airhorn.haircut.razor.clipper,Prank Sounds: Haircut & Taser,asustar,false,14,24,0,27,Unranked,unranked
com.prank.sound.airhorn.haircut.razor.clipper,Prank Sounds: Haircut & Taser,shaver sound,false,14,26,0,27,28,ranked
com.prank.sound.airhorn.haircut.razor.clipper,Prank Sounds: Haircut & Taser,fart machine,false,14,14,0,27,134,ranked
com.prank.sound.airhorn.haircut.razor.clipper,Prank Sounds: Haircut & Taser,sons sonoros,false,14,14,0,27,Unranked,unranked
com.prank.sound.airhorn.haircut.razor.clipper,Prank Sounds: Haircut & Taser,fart machine app,false,14,26,0,27,Unranked,unranked
com.prank.sound.airhorn.haircut.razor.clipper,Prank Sounds: Haircut & Taser,by sound effects,false,14,30,23,17,Unranked,unranked
com.prank.sound.airhorn.haircut.razor.clipper,Prank Sounds: Haircut & Taser,air horn prank,false,14,24,0,27,Unranked,unranked
com.prank.sound.airhorn.haircut.razor.clipper,Prank Sounds: Haircut & Taser,fart sound,false,14,14,0,27,Unranked,unranked
com.prank.sound.airhorn.haircut.razor.clipper,Prank Sounds: Haircut & Taser,fart app,false,14,14,0,27,155,ranked
com.prank.sound.airhorn.haircut.razor.clipper,Prank Sounds: Haircut & Taser,prank fart hair clipper,false,12,12,8,35,6,ranked
com.prank.sound.airhorn.haircut.razor.clipper,Prank Sounds: Haircut & Taser,shock prank,false,12,24,0,25,19,ranked
com.prank.sound.airhorn.haircut.razor.clipper,Prank Sounds: Haircut & Taser,shock prank app,false,12,24,4,23,31,ranked
com.prank.sound.airhorn.haircut.razor.clipper,Prank Sounds: Haircut & Taser,fun prank,false,12,24,0,25,Unranked,unranked
com.prank.sound.airhorn.haircut.razor.clipper,Prank Sounds: Haircut & Taser,rasuradora electrica,false,12,30,0,25,Unranked,unranked
com.prank.sound.airhorn.haircut.razor.clipper,Prank Sounds: Haircut & Taser,bromas telefónicas,false,12,12,0,25,43,ranked
com.prank.sound.airhorn.haircut.razor.clipper,Prank Sounds: Haircut & Taser,barbeador elétrico,false,12,24,0,25,Unranked,unranked
com.prank.sound.airhorn.haircut.razor.clipper,Prank Sounds: Haircut & Taser,hair clipper prank funny,true,12,26,4,23,13,ranked
com.prank.sound.airhorn.haircut.razor.clipper,Prank Sounds: Haircut & Taser,prank games,false,12,24,3,24,41,ranked
com.prank.sound.airhorn.haircut.razor.clipper,Prank Sounds: Haircut & Taser,prank wala game,false,12,24,15,19,13,ranked
com.prank.sound.airhorn.haircut.razor.clipper,Prank Sounds: Haircut & Taser,prank message,false,12,12,0,25,Unranked,unranked
com.prank.sound.airhorn.haircut.razor.clipper,Prank Sounds: Haircut & Taser,prank zone,true,12,12,1,24,42,ranked
com.prank.sound.airhorn.haircut.razor.clipper,Prank Sounds: Haircut & Taser,epic pranks,false,12,12,0,32,9,ranked
com.prank.sound.airhorn.haircut.razor.clipper,Prank Sounds: Haircut & Taser,weird sounds,false,12,24,0,25,Unranked,unranked
com.prank.sound.airhorn.haircut.razor.clipper,Prank Sounds: Haircut & Taser,prank bomb,false,12,12,0,25,42,ranked
com.prank.sound.airhorn.haircut.razor.clipper,Prank Sounds: Haircut & Taser,som de barbeador,false,12,20,0,25,21,ranked
com.prank.sound.airhorn.haircut.razor.clipper,Prank Sounds: Haircut & Taser,fake razor prank,false,12,24,0,25,16,ranked
com.prank.sound.airhorn.haircut.razor.clipper,Prank Sounds: Haircut & Taser,taser falso,false,12,24,0,25,30,ranked
com.prank.sound.airhorn.haircut.razor.clipper,Prank Sounds: Haircut & Taser,taser fake,false,12,12,0,25,18,ranked
com.prank.sound.airhorn.haircut.razor.clipper,Prank Sounds: Haircut & Taser,afeitadora de broma,false,12,12,5,23,11,ranked
com.prank.sound.airhorn.haircut.razor.clipper,Prank Sounds: Haircut & Taser,razor prank app vibrate,false,12,12,4,23,12,ranked
com.prank.sound.airhorn.haircut.razor.clipper,Prank Sounds: Haircut & Taser,hair razor prank,false,12,22,0,33,7,ranked
com.prank.sound.airhorn.haircut.razor.clipper,Prank Sounds: Haircut & Taser,sons de máquina de cortar cabelo,false,12,12,5,23,28,ranked
com.prank.sound.airhorn.haircut.razor.clipper,Prank Sounds: Haircut & Taser,aplicativo de taser,false,12,24,4,23,16,ranked
com.prank.sound.airhorn.haircut.razor.clipper,Prank Sounds: Haircut & Taser,taser gun prank,false,12,22,0,25,19,ranked
com.prank.sound.airhorn.haircut.razor.clipper,Prank Sounds: Haircut & Taser,prank air horn,false,12,24,0,25,Unranked,unranked
com.prank.sound.airhorn.haircut.razor.clipper,Prank Sounds: Haircut & Taser,som de máquina de cabelo,false,12,24,5,23,26,ranked
com.prank.sound.airhorn.haircut.razor.clipper,Prank Sounds: Haircut & Taser,taser virtual,false,12,24,0,25,40,ranked
com.prank.sound.airhorn.haircut.razor.clipper,Prank Sounds: Haircut & Taser,air horn funny prank,false,12,12,0,25,Unranked,unranked
com.prank.sound.airhorn.haircut.razor.clipper,Prank Sounds: Haircut & Taser,whooping sound,false,12,12,0,25,101,ranked
com.prank.sound.airhorn.haircut.razor.clipper,Prank Sounds: Haircut & Taser,fun sound,false,12,12,0,25,Unranked,unranked
com.prank.sound.airhorn.haircut.razor.clipper,Prank Sounds: Haircut & Taser,air horn fart sound,false,12,12,0,25,Unranked,unranked
com.prank.sound.airhorn.haircut.razor.clipper,Prank Sounds: Haircut & Taser,loud air horn prank sound,true,12,12,0,25,Unranked,unranked
com.prank.sound.airhorn.haircut.razor.clipper,Prank Sounds: Haircut & Taser,bomb prank app,false,12,24,0,25,31,ranked
com.prank.sound.airhorn.haircut.razor.clipper,Prank Sounds: Haircut & Taser,bromas graciosas,false,9,22,0,22,28,ranked
com.prank.sound.airhorn.haircut.razor.clipper,Prank Sounds: Haircut & Taser,shock taser prank,false,9,22,4,20,11,ranked
com.prank.sound.airhorn.haircut.razor.clipper,Prank Sounds: Haircut & Taser,shave head prank,false,9,24,5,35,2,ranked
com.prank.sound.airhorn.haircut.razor.clipper,Prank Sounds: Haircut & Taser,troll sounds,false,9,22,0,22,Unranked,unranked
com.prank.sound.airhorn.haircut.razor.clipper,Prank Sounds: Haircut & Taser,prank voice,false,9,9,0,22,37,ranked
com.prank.sound.airhorn.haircut.razor.clipper,Prank Sounds: Haircut & Taser,voice prank,false,9,22,3,20,29,ranked
com.prank.sound.airhorn.haircut.razor.clipper,Prank Sounds: Haircut & Taser,prank time,false,9,22,0,22,Unranked,unranked
com.prank.sound.airhorn.haircut.razor.clipper,Prank Sounds: Haircut & Taser,noise game,false,9,12,0,22,Unranked,unranked
com.prank.sound.airhorn.haircut.razor.clipper,Prank Sounds: Haircut & Taser,alarm prank,false,9,9,0,22,Unranked,unranked
com.prank.sound.airhorn.haircut.razor.clipper,Prank Sounds: Haircut & Taser,prank ải,false,9,22,33,11,20,ranked
com.prank.sound.airhorn.haircut.razor.clipper,Prank Sounds: Haircut & Taser,prank puzzle,false,9,9,3,20,Unranked,unranked
com.prank.sound.airhorn.haircut.razor.clipper,Prank Sounds: Haircut & Taser,prank phone,false,9,9,0,22,Unranked,unranked
com.prank.sound.airhorn.haircut.razor.clipper,Prank Sounds: Haircut & Taser,nuke sound prank,false,9,9,0,35,2,ranked
com.prank.sound.airhorn.haircut.razor.clipper,Prank Sounds: Haircut & Taser,razor prank app,false,9,22,10,33,4,ranked
com.prank.sound.airhorn.haircut.razor.clipper,Prank Sounds: Haircut & Taser,taser broma,false,9,22,4,20,24,ranked
com.prank.sound.airhorn.haircut.razor.clipper,Prank Sounds: Haircut & Taser,razor sound app,false,9,9,0,32,4,ranked
com.prank.sound.airhorn.haircut.razor.clipper,Prank Sounds: Haircut & Taser,hair trimmer prank,false,9,24,0,22,28,ranked
com.prank.sound.airhorn.haircut.razor.clipper,Prank Sounds: Haircut & Taser,fake razor sound,false,9,9,0,22,12,ranked
com.prank.sound.airhorn.haircut.razor.clipper,Prank Sounds: Haircut & Taser,hair machine sound,false,9,22,5,20,19,ranked
com.prank.sound.airhorn.haircut.razor.clipper,Prank Sounds: Haircut & Taser,taser games,false,9,24,5,28,9,ranked
com.prank.sound.airhorn.haircut.razor.clipper,Prank Sounds: Haircut & Taser,photo prank,false,9,9,0,22,44,ranked
com.prank.sound.airhorn.haircut.razor.clipper,Prank Sounds: Haircut & Taser,clippers barber shop,false,9,0,0,22,Unranked,unranked
com.prank.sound.airhorn.haircut.razor.clipper,Prank Sounds: Haircut & Taser,razor sound,false,9,24,0,22,12,ranked
com.prank.sound.airhorn.haircut.razor.clipper,Prank Sounds: Haircut & Taser,hair shaver prank,false,9,22,0,22,12,ranked
com.prank.sound.airhorn.haircut.razor.clipper,Prank Sounds: Haircut & Taser,fake noises,false,9,22,5,28,9,ranked
com.prank.sound.airhorn.haircut.razor.clipper,Prank Sounds: Haircut & Taser,efeitos sonoros,false,9,40,0,22,202,ranked
com.prank.sound.airhorn.haircut.razor.clipper,Prank Sounds: Haircut & Taser,fart sounds buttons,false,9,12,0,22,123,ranked
com.prank.sound.airhorn.haircut.razor.clipper,Prank Sounds: Haircut & Taser,fart sound machine,false,9,22,0,22,Unranked,unranked
com.prank.sound.airhorn.haircut.razor.clipper,Prank Sounds: Haircut & Taser,sons malucos,false,9,12,0,22,148,ranked
com.prank.sound.airhorn.haircut.razor.clipper,Prank Sounds: Haircut & Taser,dj air horn button,false,9,9,0,22,152,ranked
com.prank.sound.airhorn.haircut.razor.clipper,Prank Sounds: Haircut & Taser,alert prank,false,9,9,15,16,26,ranked
com.prank.sound.airhorn.haircut.razor.clipper,Prank Sounds: Haircut & Taser,assustar,false,9,24,11,18,47,ranked
com.prank.sound.airhorn.haircut.razor.clipper,Prank Sounds: Haircut & Taser,filter prank,false,8,18,0,20,45,ranked
com.prank.sound.airhorn.haircut.razor.clipper,Prank Sounds: Haircut & Taser,prank guys,true,21,32,14,28,20,ranked
com.prank.sound.airhorn.haircut.razor.clipper,Prank Sounds: Haircut & Taser,raspar a cabeça,false,18,18,36,15,Unranked,unranked
com.prank.sound.airhorn.haircut.razor.clipper,Prank Sounds: Haircut & Taser,lamok sound prank,false,18,18,0,32,34,ranked
com.prank.sound.airhorn.haircut.razor.clipper,Prank Sounds: Haircut & Taser,pegadinhas de,false,18,30,22,21,Unranked,unranked
com.prank.sound.airhorn.haircut.razor.clipper,Prank Sounds: Haircut & Taser,boy prank game,false,18,18,6,29,Unranked,unranked
com.prank.sound.airhorn.haircut.razor.clipper,Prank Sounds: Haircut & Taser,a prank app,false,14,26,0,27,19,ranked
com.prank.sound.airhorn.haircut.razor.clipper,Prank Sounds: Haircut & Taser,a prank game,false,14,26,0,27,23,ranked
com.prank.sound.airhorn.haircut.razor.clipper,Prank Sounds: Haircut & Taser,prank simulator,false,14,26,0,27,18,ranked
com.prank.sound.airhorn.haircut.razor.clipper,Prank Sounds: Haircut & Taser,som de taser,false,14,26,0,27,13,ranked
com.prank.sound.airhorn.haircut.razor.clipper,Prank Sounds: Haircut & Taser,bromas,false,14,30,0,27,23,ranked
com.prank.sound.airhorn.haircut.razor.clipper,Prank Sounds: Haircut & Taser,horn prank sound,false,14,26,0,27,37,ranked
com.prank.sound.airhorn.haircut.razor.clipper,Prank Sounds: Haircut & Taser,trollar,false,14,26,4,25,Unranked,unranked
com.prank.sound.airhorn.haircut.razor.clipper,Prank Sounds: Haircut & Taser,fart noise app,false,14,26,0,27,158,ranked
com.prank.sound.airhorn.haircut.razor.clipper,Prank Sounds: Haircut & Taser,fart sound effects,false,14,26,0,27,Unranked,unranked
com.prank.sound.airhorn.haircut.razor.clipper,Prank Sounds: Haircut & Taser,horn prank,false,14,30,0,27,Unranked,unranked
com.prank.sound.airhorn.haircut.razor.clipper,Prank Sounds: Haircut & Taser,juegos de bromas,false,14,14,17,20,41,ranked
com.prank.sound.airhorn.haircut.razor.clipper,Prank Sounds: Haircut & Taser,air horn fart haircut prank,false,12,12,8,22,23,ranked
com.prank.sound.airhorn.haircut.razor.clipper,Prank Sounds: Haircut & Taser,broma a tus amigos,false,12,24,9,21,49,ranked
com.prank.sound.airhorn.haircut.razor.clipper,Prank Sounds: Haircut & Taser,broma de corte de pelo,false,12,12,11,21,14,ranked
com.prank.sound.airhorn.haircut.razor.clipper,Prank Sounds: Haircut & Taser,joke prank,false,12,14,0,25,Unranked,unranked
com.prank.sound.airhorn.haircut.razor.clipper,Prank Sounds: Haircut & Taser,prank 2025,false,12,12,6,23,Unranked,unranked
com.prank.sound.airhorn.haircut.razor.clipper,Prank Sounds: Haircut & Taser,prank tools,true,12,24,16,36,5,ranked
com.prank.sound.airhorn.haircut.razor.clipper,Prank Sounds: Haircut & Taser,smoke prank,false,12,12,0,25,27,ranked
com.prank.sound.airhorn.haircut.razor.clipper,Prank Sounds: Haircut & Taser,fake prank,false,12,24,0,25,Unranked,unranked
com.prank.sound.airhorn.haircut.razor.clipper,Prank Sounds: Haircut & Taser,prank im,false,12,24,0,25,Unranked,unranked
com.prank.sound.airhorn.haircut.razor.clipper,Prank Sounds: Haircut & Taser,shot prank,false,12,12,18,18,13,ranked
com.prank.sound.airhorn.haircut.razor.clipper,Prank Sounds: Haircut & Taser,prank razor,false,12,24,5,23,13,ranked
com.prank.sound.airhorn.haircut.razor.clipper,Prank Sounds: Haircut & Taser,shave prank,false,12,24,10,40,2,ranked
com.prank.sound.airhorn.haircut.razor.clipper,Prank Sounds: Haircut & Taser,shave hair prank,false,12,24,0,40,2,ranked
com.prank.sound.airhorn.haircut.razor.clipper,Prank Sounds: Haircut & Taser,funny haircut,false,12,12,9,21,29,ranked
com.prank.sound.airhorn.haircut.razor.clipper,Prank Sounds: Haircut & Taser,funny fart sounds,false,12,12,0,25,Unranked,unranked
com.prank.sound.airhorn.haircut.razor.clipper,Prank Sounds: Haircut & Taser,air horn fart,false,12,12,0,25,Unranked,unranked
com.prank.sound.airhorn.haircut.razor.clipper,Prank Sounds: Haircut & Taser,fart sounds offline,false,12,12,0,25,Unranked,unranked
com.prank.sound.airhorn.haircut.razor.clipper,Prank Sounds: Haircut & Taser,fake fart sound,false,12,12,0,25,Unranked,unranked
com.prank.sound.airhorn.haircut.razor.clipper,Prank Sounds: Haircut & Taser,air horn prank funny sounds,false,12,24,0,25,Unranked,unranked
com.prank.sound.airhorn.haircut.razor.clipper,Prank Sounds: Haircut & Taser,taser,false,10,50,0,31,7,ranked
com.prank.sound.airhorn.haircut.razor.clipper,Prank Sounds: Haircut & Taser,prank friends,false,9,9,0,22,Unranked,unranked
com.prank.sound.airhorn.haircut.razor.clipper,Prank Sounds: Haircut & Taser,prank simulator game,false,9,9,0,22,12,ranked
com.prank.sound.airhorn.haircut.razor.clipper,Prank Sounds: Haircut & Taser,prank voices,false,9,9,0,22,22,ranked
com.prank.sound.airhorn.haircut.razor.clipper,Prank Sounds: Haircut & Taser,pranks pranks,false,9,20,0,22,13,ranked
com.prank.sound.airhorn.haircut.razor.clipper,Prank Sounds: Haircut & Taser,meme prank sounds,false,9,24,0,29,8,ranked
com.prank.sound.airhorn.haircut.razor.clipper,Prank Sounds: Haircut & Taser,prank level,false,9,9,10,18,Unranked,unranked
com.prank.sound.airhorn.haircut.razor.clipper,Prank Sounds: Haircut & Taser,sound simulator,false,9,22,1,21,42,ranked
com.prank.sound.airhorn.haircut.razor.clipper,Prank Sounds: Haircut & Taser,un sound simulator,true,9,26,1,21,Unranked,unranked
com.prank.sound.airhorn.haircut.razor.clipper,Prank Sounds: Haircut & Taser,gun and taser sounds,false,9,20,0,32,4,ranked
com.prank.sound.airhorn.haircut.razor.clipper,Prank Sounds: Haircut & Taser,trimmer prank,false,9,26,0,22,13,ranked
com.prank.sound.airhorn.haircut.razor.clipper,Prank Sounds: Haircut & Taser,pranks app,false,9,9,0,22,20,ranked
com.prank.sound.airhorn.haircut.razor.clipper,Prank Sounds: Haircut & Taser,taser sounds,false,9,24,5,30,7,ranked
com.prank.sound.airhorn.haircut.razor.clipper,Prank Sounds: Haircut & Taser,hair buzzer prank,false,9,22,6,29,8,ranked
com.prank.sound.airhorn.haircut.razor.clipper,Prank Sounds: Haircut & Taser,razor sound prank,false,9,9,6,32,4,ranked
com.prank.sound.airhorn.haircut.razor.clipper,Prank Sounds: Haircut & Taser,fake trimmer sound,false,9,9,10,30,7,ranked
com.prank.sound.airhorn.haircut.razor.clipper,Prank Sounds: Haircut & Taser,buzina engraçada,false,9,22,5,20,Unranked,unranked
com.prank.sound.airhorn.haircut.razor.clipper,Prank Sounds: Haircut & Taser,efeito sonoros,false,9,9,7,19,Unranked,unranked
com.prank.sound.airhorn.haircut.razor.clipper,Prank Sounds: Haircut & Taser,fake fart,false,9,22,0,22,Unranked,unranked
com.prank.sound.airhorn.haircut.razor.clipper,Prank Sounds: Haircut & Taser,fart,false,9,21,0,22,Unranked,unranked
com.prank.sound.airhorn.haircut.razor.clipper,Prank Sounds: Haircut & Taser,haircut prank air horn and fart,true,7,20,0,19,39,ranked
com.prank.sound.airhorn.haircut.razor.clipper,Prank Sounds: Haircut & Taser,prank hair,false,7,24,15,31,3,ranked
com.prank.sound.airhorn.haircut.razor.clipper,Prank Sounds: Haircut & Taser,clipper sound app,false,7,7,9,29,4,ranked
com.prank.sound.airhorn.haircut.razor.clipper,Prank Sounds: Haircut & Taser,sounds prank,false,7,7,0,19,12,ranked
com.prank.sound.airhorn.haircut.razor.clipper,Prank Sounds: Haircut & Taser,air prank sound,false,7,20,4,18,21,ranked
com.prank.sound.airhorn.haircut.razor.clipper,Prank Sounds: Haircut & Taser,funny prank sound,false,7,12,0,19,26,ranked
com.prank.sound.airhorn.haircut.razor.clipper,Prank Sounds: Haircut & Taser,funny prank sound app,false,7,20,0,19,19,ranked
com.prank.sound.airhorn.haircut.razor.clipper,Prank Sounds: Haircut & Taser,trimmer sound app,false,7,7,9,16,19,ranked
com.prank.sound.airhorn.haircut.razor.clipper,Prank Sounds: Haircut & Taser,cash app prank,false,7,7,14,15,Unranked,unranked
com.prank.sound.airhorn.haircut.razor.clipper,Prank Sounds: Haircut & Taser,noise prank app,false,7,7,0,28,6,ranked
com.prank.sound.airhorn.haircut.razor.clipper,Prank Sounds: Haircut & Taser,prank others,false,7,20,25,11,28,ranked
com.prank.sound.airhorn.haircut.razor.clipper,Prank Sounds: Haircut & Taser,funny prank voice,false,7,7,0,19,42,ranked
com.prank.sound.airhorn.haircut.razor.clipper,Prank Sounds: Haircut & Taser,prank stuff,false,7,20,9,16,Unranked,unranked
com.prank.sound.airhorn.haircut.razor.clipper,Prank Sounds: Haircut & Taser,prank test sound,false,7,7,22,32,2,ranked
com.prank.sound.airhorn.haircut.razor.clipper,Prank Sounds: Haircut & Taser,prank someone,false,7,20,0,19,43,ranked
com.prank.sound.airhorn.haircut.razor.clipper,Prank Sounds: Haircut & Taser,prank sound unlimited,false,7,7,0,19,16,ranked
com.prank.sound.airhorn.haircut.razor.clipper,Prank Sounds: Haircut & Taser,silly pranks,false,7,7,4,18,27,ranked
com.prank.sound.airhorn.haircut.razor.clipper,Prank Sounds: Haircut & Taser,new prank app,false,7,20,0,19,36,ranked
com.prank.sound.airhorn.haircut.razor.clipper,Prank Sounds: Haircut & Taser,prank memes,false,7,20,5,18,Unranked,unranked
com.prank.sound.airhorn.haircut.razor.clipper,Prank Sounds: Haircut & Taser,prank shaver,false,7,20,5,27,6,ranked
com.prank.sound.airhorn.haircut.razor.clipper,Prank Sounds: Haircut & Taser,clipper haircut,false,7,20,0,19,Unranked,unranked
com.prank.sound.airhorn.haircut.razor.clipper,Prank Sounds: Haircut & Taser,prank trimmer,false,7,22,5,18,13,ranked
com.prank.sound.airhorn.haircut.razor.clipper,Prank Sounds: Haircut & Taser,trimmer prank app,false,7,20,5,27,7,ranked
com.prank.sound.airhorn.haircut.razor.clipper,Prank Sounds: Haircut & Taser,pranking apps,false,7,20,10,16,35,ranked
com.prank.sound.airhorn.haircut.razor.clipper,Prank Sounds: Haircut & Taser,buzz cut prank,false,7,20,10,28,7,ranked
com.prank.sound.airhorn.haircut.razor.clipper,Prank Sounds: Haircut & Taser,pranking games,false,7,24,12,15,38,ranked
com.prank.sound.airhorn.haircut.razor.clipper,Prank Sounds: Haircut & Taser,prank sound fake,false,7,7,23,28,6,ranked
com.prank.sound.airhorn.haircut.razor.clipper,Prank Sounds: Haircut & Taser,air horn funny prank sounds,true,7,30,0,19,Unranked,unranked
com.prank.sound.airhorn.haircut.razor.clipper,Prank Sounds: Haircut & Taser,air horn sounds prank,false,7,7,0,19,Unranked,unranked
com.prank.sound.airhorn.haircut.razor.clipper,Prank Sounds: Haircut & Taser,funny pranks app,false,7,20,0,19,32,ranked
com.prank.sound.airhorn.haircut.razor.clipper,Prank Sounds: Haircut & Taser,sonidos graciosos,false,7,20,0,19,Unranked,unranked
com.prank.sound.airhorn.haircut.razor.clipper,Prank Sounds: Haircut & Taser,fart app free,false,7,0,0,19,Unranked,unranked
com.prank.sound.airhorn.haircut.razor.clipper,Prank Sounds: Haircut & Taser,funny sounds effects,false,7,9,0,19,Unranked,unranked
com.prank.sound.airhorn.haircut.razor.clipper,Prank Sounds: Haircut & Taser,hair prank app,false,5,5,9,27,3,ranked
com.prank.sound.airhorn.haircut.razor.clipper,Prank Sounds: Haircut & Taser,haircut prank fart sounds,false,5,5,5,24,6,ranked
com.prank.sound.airhorn.haircut.razor.clipper,Prank Sounds: Haircut & Taser,cut prank,false,5,5,15,28,3,ranked
com.prank.sound.airhorn.haircut.razor.clipper,Prank Sounds: Haircut & Taser,prank air horn fart,false,5,26,4,16,Unranked,unranked
com.prank.sound.airhorn.haircut.razor.clipper,Prank Sounds: Haircut & Taser,prank sounds app,false,5,0,4,26,4,ranked
com.prank.sound.airhorn.haircut.razor.clipper,Prank Sounds: Haircut & Taser,razor prank app with vibration,false,5,5,5,22,10,ranked
com.prank.sound.airhorn.haircut.razor.clipper,Prank Sounds: Haircut & Taser,game prank,false,5,5,0,17,13,ranked
com.prank.sound.airhorn.haircut.razor.clipper,Prank Sounds: Haircut & Taser,fake clippers prank,false,5,0,0,17,21,ranked
com.prank.sound.airhorn.haircut.razor.clipper,Prank Sounds: Haircut & Taser,aplicaciones de bromas,false,5,5,21,11,45,ranked
com.prank.sound.airhorn.haircut.razor.clipper,Prank Sounds: Haircut & Taser,haircut fart,false,5,5,14,13,11,ranked
com.prank.sound.airhorn.haircut.razor.clipper,Prank Sounds: Haircut & Taser,creepy sounds prank,false,5,5,0,17,Unranked,unranked
com.prank.sound.airhorn.haircut.razor.clipper,Prank Sounds: Haircut & Taser,enjoy realistic prank,false,5,5,1,17,44,ranked
com.prank.sound.airhorn.haircut.razor.clipper,Prank Sounds: Haircut & Taser,pet prank app,false,5,5,9,14,17,ranked
com.prank.sound.airhorn.haircut.razor.clipper,Prank Sounds: Haircut & Taser,prank app for kids,false,5,5,0,17,22,ranked
com.prank.sound.airhorn.haircut.razor.clipper,Prank Sounds: Haircut & Taser,prank funny app,false,5,22,0,17,55,ranked
com.prank.sound.airhorn.haircut.razor.clipper,Prank Sounds: Haircut & Taser,realistic prank sounds,false,5,0,22,30,1,ranked
com.prank.sound.airhorn.haircut.razor.clipper,Prank Sounds: Haircut & Taser,funny prank app,false,5,5,0,17,48,ranked
com.prank.sound.airhorn.haircut.razor.clipper,Prank Sounds: Haircut & Taser,games prank,false,5,5,0,17,48,ranked
com.prank.sound.airhorn.haircut.razor.clipper,Prank Sounds: Haircut & Taser,funny prank sounds,false,5,5,0,17,21,ranked
com.prank.sound.airhorn.haircut.razor.clipper,Prank Sounds: Haircut & Taser,loud prank sounds,false,5,24,12,26,4,ranked
com.prank.sound.airhorn.haircut.razor.clipper,Prank Sounds: Haircut & Taser,prank lucu,false,5,5,0,17,35,ranked
com.prank.sound.airhorn.haircut.razor.clipper,Prank Sounds: Haircut & Taser,prank master free,false,5,5,8,15,Unranked,unranked
com.prank.sound.airhorn.haircut.razor.clipper,Prank Sounds: Haircut & Taser,prank recharge app,false,5,24,0,17,40,ranked
com.prank.sound.airhorn.haircut.razor.clipper,Prank Sounds: Haircut & Taser,prank sound games,false,5,0,0,23,8,ranked
com.prank.sound.airhorn.haircut.razor.clipper,Prank Sounds: Haircut & Taser,prank soundboard,false,5,9,0,17,22,ranked
com.prank.sound.airhorn.haircut.razor.clipper,Prank Sounds: Haircut & Taser,prank your friend,false,5,5,0,17,105,ranked
com.prank.sound.airhorn.haircut.razor.clipper,Prank Sounds: Haircut & Taser,funny prank noises,false,5,5,0,17,19,ranked
com.prank.sound.airhorn.haircut.razor.clipper,Prank Sounds: Haircut & Taser,funny sound game,false,5,5,0,17,28,ranked
com.prank.sound.airhorn.haircut.razor.clipper,Prank Sounds: Haircut & Taser,prank apps free,false,5,0,0,17,23,ranked
com.prank.sound.airhorn.haircut.razor.clipper,Prank Sounds: Haircut & Taser,prank editing app,false,5,5,45,25,5,ranked
com.prank.sound.airhorn.haircut.razor.clipper,Prank Sounds: Haircut & Taser,trollagem,false,21,32,32,19,56,ranked
com.prank.sound.airhorn.haircut.razor.clipper,Prank Sounds: Haircut & Taser,engraçado,false,21,32,5,32,Unranked,unranked
com.prank.sound.airhorn.haircut.razor.clipper,Prank Sounds: Haircut & Taser,cut hair prank,false,18,30,10,51,2,ranked
com.prank.sound.airhorn.haircut.razor.clipper,Prank Sounds: Haircut & Taser,som engraçado,false,18,30,7,28,Unranked,unranked
com.prank.sound.airhorn.haircut.razor.clipper,Prank Sounds: Haircut & Taser,a prank,false,14,26,0,27,20,ranked
com.prank.sound.airhorn.haircut.razor.clipper,Prank Sounds: Haircut & Taser,prank sounds,false,14,24,20,44,2,ranked
com.prank.sound.airhorn.haircut.razor.clipper,Prank Sounds: Haircut & Taser,fart apps free,false,14,14,0,27,Unranked,unranked
com.prank.sound.airhorn.haircut.razor.clipper,Prank Sounds: Haircut & Taser,fart emoji,false,14,14,0,27,Unranked,unranked
com.prank.sound.airhorn.haircut.razor.clipper,Prank Sounds: Haircut & Taser,fart noises that sound real,false,14,24,0,27,Unranked,unranked
com.prank.sound.airhorn.haircut.razor.clipper,Prank Sounds: Haircut & Taser,fart prank,false,14,26,4,25,131,ranked
com.prank.sound.airhorn.haircut.razor.clipper,Prank Sounds: Haircut & Taser,fart prank app,false,14,14,0,27,162,ranked
com.prank.sound.airhorn.haircut.razor.clipper,Prank Sounds: Haircut & Taser,prank sound,true,13,32,21,42,2,ranked
com.prank.sound.airhorn.haircut.razor.clipper,Prank Sounds: Haircut & Taser,prank noises,false,12,24,0,35,6,ranked
com.prank.sound.airhorn.haircut.razor.clipper,Prank Sounds: Haircut & Taser,the prank,false,12,24,0,25,41,ranked
com.prank.sound.airhorn.haircut.razor.clipper,Prank Sounds: Haircut & Taser,the prank app,false,12,24,0,25,12,ranked
com.prank.sound.airhorn.haircut.razor.clipper,Prank Sounds: Haircut & Taser,alat prank,false,12,24,5,33,7,ranked
com.prank.sound.airhorn.haircut.razor.clipper,Prank Sounds: Haircut & Taser,prank taser,false,12,12,5,38,4,ranked
com.prank.sound.airhorn.haircut.razor.clipper,Prank Sounds: Haircut & Taser,sound prank,false,12,24,0,40,2,ranked
com.prank.sound.airhorn.haircut.razor.clipper,Prank Sounds: Haircut & Taser,taser noises,false,12,24,5,40,2,ranked
com.prank.sound.airhorn.haircut.razor.clipper,Prank Sounds: Haircut & Taser,cut hair prank hair clipper,true,12,24,4,23,17,ranked
com.prank.sound.airhorn.haircut.razor.clipper,Prank Sounds: Haircut & Taser,taser prank,false,12,32,5,36,5,ranked
com.prank.sound.airhorn.haircut.razor.clipper,Prank Sounds: Haircut & Taser,taser sound effect,false,12,24,5,36,5,ranked
com.prank.sound.airhorn.haircut.razor.clipper,Prank Sounds: Haircut & Taser,funny joke sounds,false,12,12,11,21,Unranked,unranked
com.prank.sound.airhorn.haircut.razor.clipper,Prank Sounds: Haircut & Taser,funny sounds,false,12,24,0,25,Unranked,unranked
com.prank.sound.airhorn.haircut.razor.clipper,Prank Sounds: Haircut & Taser,air horn funny pranks,true,12,24,6,23,Unranked,unranked
com.prank.sound.airhorn.haircut.razor.clipper,Prank Sounds: Haircut & Taser,funny prank,false,12,24,12,20,Unranked,unranked
com.prank.sound.airhorn.haircut.razor.clipper,Prank Sounds: Haircut & Taser,prank funny,false,9,22,0,22,Unranked,unranked
com.prank.sound.airhorn.haircut.razor.clipper,Prank Sounds: Haircut & Taser,prank prank,false,9,22,10,18,22,ranked
com.prank.sound.airhorn.haircut.razor.clipper,Prank Sounds: Haircut & Taser,pranks funny,false,9,22,0,22,Unranked,unranked
com.prank.sound.airhorn.haircut.razor.clipper,Prank Sounds: Haircut & Taser,app prank,false,9,22,9,18,42,ranked
com.prank.sound.airhorn.haircut.razor.clipper,Prank Sounds: Haircut & Taser,prank games funny,false,9,9,3,20,Unranked,unranked
com.prank.sound.airhorn.haircut.razor.clipper,Prank Sounds: Haircut & Taser,prank ideas,false,9,24,0,22,29,ranked
com.prank.sound.airhorn.haircut.razor.clipper,Prank Sounds: Haircut & Taser,prank my friend,false,9,22,0,22,Unranked,unranked
com.prank.sound.airhorn.haircut.razor.clipper,Prank Sounds: Haircut & Taser,prank wala app,false,9,9,0,22,14,ranked
com.prank.sound.airhorn.haircut.razor.clipper,Prank Sounds: Haircut & Taser,clippers prank,false,9,22,5,31,6,ranked
com.prank.sound.airhorn.haircut.razor.clipper,Prank Sounds: Haircut & Taser,fake taser prank,false,9,24,5,30,6,ranked
com.prank.sound.airhorn.haircut.razor.clipper,Prank Sounds: Haircut & Taser,fake taser sound,false,9,22,5,35,2,ranked
com.prank.sound.airhorn.haircut.razor.clipper,Prank Sounds: Haircut & Taser,hair cut prank sound,false,9,22,15,34,3,ranked
com.prank.sound.airhorn.haircut.razor.clipper,Prank Sounds: Haircut & Taser,hair prank sound,false,9,9,15,35,2,ranked
com.prank.sound.airhorn.haircut.razor.clipper,Prank Sounds: Haircut & Taser,prank effect,false,9,9,0,22,13,ranked
com.prank.sound.airhorn.haircut.razor.clipper,Prank Sounds: Haircut & Taser,prank sound game,false,9,20,0,35,2,ranked
com.prank.sound.airhorn.haircut.razor.clipper,Prank Sounds: Haircut & Taser,hair prank game,false,9,24,15,32,4,ranked
com.prank.sound.airhorn.haircut.razor.clipper,Prank Sounds: Haircut & Taser,prank audio,false,9,22,0,36,2,ranked
com.prank.sound.airhorn.haircut.razor.clipper,Prank Sounds: Haircut & Taser,prank sound app,true,9,9,4,34,3,ranked
com.prank.sound.airhorn.haircut.razor.clipper,Prank Sounds: Haircut & Taser,sound effects prank,false,9,22,0,28,10,ranked
com.prank.sound.airhorn.haircut.razor.clipper,Prank Sounds: Haircut & Taser,prank cut,false,9,9,15,30,6,ranked
com.prank.sound.airhorn.haircut.razor.clipper,Prank Sounds: Haircut & Taser,broma sonidos,false,9,22,0,22,Unranked,unranked
com.prank.sound.airhorn.haircut.razor.clipper,Prank Sounds: Haircut & Taser,bromas sonidos,false,9,9,5,20,40,ranked
com.prank.sound.airhorn.haircut.razor.clipper,Prank Sounds: Haircut & Taser,horn prank call,false,9,24,7,19,Unranked,unranked
com.prank.sound.airhorn.haircut.razor.clipper,Prank Sounds: Haircut & Taser,você peidou,false,9,12,0,22,Unranked,unranked
com.prank.sound.airhorn.haircut.razor.clipper,Prank Sounds: Haircut & Taser,ruidos extraños,false,9,22,0,22,Unranked,unranked
com.prank.sound.airhorn.haircut.razor.clipper,Prank Sounds: Haircut & Taser,frank prank,false,7,20,0,19,34,ranked
com.prank.sound.airhorn.haircut.razor.clipper,Prank Sounds: Haircut & Taser,noise maker prank,false,7,7,1,33,1,ranked
com.prank.sound.airhorn.haircut.razor.clipper,Prank Sounds: Haircut & Taser,prank karne wala app,false,7,7,0,26,7,ranked
com.prank.sound.airhorn.haircut.razor.clipper,Prank Sounds: Haircut & Taser,der prank simulator,false,7,24,6,25,9,ranked
com.prank.sound.airhorn.haircut.razor.clipper,Prank Sounds: Haircut & Taser,fan prank,false,7,7,9,16,26,ranked
com.prank.sound.airhorn.haircut.razor.clipper,Prank Sounds: Haircut & Taser,funny tricks,false,7,22,4,18,Unranked,unranked
com.prank.sound.airhorn.haircut.razor.clipper,Prank Sounds: Haircut & Taser,prank haircut,false,7,24,15,31,3,ranked
com.prank.sound.airhorn.haircut.razor.clipper,Prank Sounds: Haircut & Taser,shaving prank,false,7,20,6,26,8,ranked
com.prank.sound.airhorn.haircut.razor.clipper,Prank Sounds: Haircut & Taser,air horn and haircut music prank,false,7,7,10,33,1,ranked
com.prank.sound.airhorn.haircut.razor.clipper,Prank Sounds: Haircut & Taser,haircut prank air horn,true,7,22,10,28,6,ranked
com.prank.sound.airhorn.haircut.razor.clipper,Prank Sounds: Haircut & Taser,prank haircut game,false,7,7,15,32,2,ranked
com.prank.sound.airhorn.haircut.razor.clipper,Prank Sounds: Haircut & Taser,prank noise,false,7,9,0,31,3,ranked
com.prank.sound.airhorn.haircut.razor.clipper,Prank Sounds: Haircut & Taser,500 prank sounds,false,7,26,5,30,3,ranked
com.prank.sound.airhorn.haircut.razor.clipper,Prank Sounds: Haircut & Taser,sounds fart,false,7,20,0,19,Unranked,unranked
com.prank.sound.airhorn.haircut.razor.clipper,Prank Sounds: Haircut & Taser,best fart sounds app,false,7,20,0,19,Unranked,unranked
com.prank.sound.airhorn.haircut.razor.clipper,Prank Sounds: Haircut & Taser,fake sound prank,false,7,7,0,29,6,ranked
com.prank.sound.airhorn.haircut.razor.clipper,Prank Sounds: Haircut & Taser,farting noises,false,7,20,0,19,Unranked,unranked
com.prank.sound.airhorn.haircut.razor.clipper,Prank Sounds: Haircut & Taser,human gas sound,false,7,20,0,19,Unranked,unranked
com.prank.sound.airhorn.haircut.razor.clipper,Prank Sounds: Haircut & Taser,som de brincadeira,false,7,22,0,19,Unranked,unranked
com.prank.sound.airhorn.haircut.razor.clipper,Prank Sounds: Haircut & Taser,sonoros engraçados,false,7,20,7,17,174,ranked
com.prank.sound.airhorn.haircut.razor.clipper,Prank Sounds: Haircut & Taser,sound prank app,false,7,20,4,29,5,ranked
com.prank.sound.airhorn.haircut.razor.clipper,Prank Sounds: Haircut & Taser,sounds funny,false,7,7,0,19,Unranked,unranked
com.prank.sound.airhorn.haircut.razor.clipper,Prank Sounds: Haircut & Taser,trollar amigo,false,7,20,21,12,Unranked,unranked
com.prank.sound.airhorn.haircut.razor.clipper,Prank Sounds: Haircut & Taser,hair cut prank app,false,5,22,5,27,3,ranked
com.prank.sound.airhorn.haircut.razor.clipper,Prank Sounds: Haircut & Taser,funny prank sounds offline,false,5,5,0,17,14,ranked
com.prank.sound.airhorn.haircut.razor.clipper,Prank Sounds: Haircut & Taser,prank sim,false,5,22,0,17,Unranked,unranked
com.prank.sound.airhorn.haircut.razor.clipper,Prank Sounds: Haircut & Taser,prank your friends,false,5,12,0,17,38,ranked
com.prank.sound.airhorn.haircut.razor.clipper,Prank Sounds: Haircut & Taser,pranking sound,false,5,5,0,28,3,ranked
com.prank.sound.airhorn.haircut.razor.clipper,Prank Sounds: Haircut & Taser,pranks,false,5,5,11,14,12,ranked
com.prank.sound.airhorn.haircut.razor.clipper,Prank Sounds: Haircut & Taser,prnk,false,5,5,0,17,17,ranked
com.prank.sound.airhorn.haircut.razor.clipper,Prank Sounds: Haircut & Taser,funny sound prank,false,5,5,0,17,22,ranked
com.prank.sound.airhorn.haircut.razor.clipper,Prank Sounds: Haircut & Taser,funny sounds prank,false,5,0,0,17,25,ranked
com.prank.sound.airhorn.haircut.razor.clipper,Prank Sounds: Haircut & Taser,parnk,false,5,5,0,17,33,ranked
com.prank.sound.airhorn.haircut.razor.clipper,Prank Sounds: Haircut & Taser,prank app game,false,5,5,3,16,23,ranked
com.prank.sound.airhorn.haircut.razor.clipper,Prank Sounds: Haircut & Taser,prank app prank app,false,5,5,0,23,8,ranked
com.prank.sound.airhorn.haircut.razor.clipper,Prank Sounds: Haircut & Taser,prank pic,false,5,5,20,11,192,ranked
com.prank.sound.airhorn.haircut.razor.clipper,Prank Sounds: Haircut & Taser,pranks games,false,5,22,0,17,36,ranked
com.prank.sound.airhorn.haircut.razor.clipper,Prank Sounds: Haircut & Taser,clippers prank sounds,false,5,0,10,28,3,ranked
com.prank.sound.airhorn.haircut.razor.clipper,Prank Sounds: Haircut & Taser,cut hair prank sound,false,5,0,15,29,2,ranked
com.prank.sound.airhorn.haircut.razor.clipper,Prank Sounds: Haircut & Taser,cut prank sounds,false,5,0,15,28,3,ranked
com.prank.sound.airhorn.haircut.razor.clipper,Prank Sounds: Haircut & Taser,fake hair clipper prank,false,5,0,0,17,20,ranked
com.prank.sound.airhorn.haircut.razor.clipper,Prank Sounds: Haircut & Taser,frank sounds,false,5,0,0,17,14,ranked
com.prank.sound.airhorn.haircut.razor.clipper,Prank Sounds: Haircut & Taser,hair cut sound app,false,5,0,9,29,1,ranked
com.prank.sound.airhorn.haircut.razor.clipper,Prank Sounds: Haircut & Taser,hair cut sound prank,false,5,0,15,28,2,ranked
com.prank.sound.airhorn.haircut.razor.clipper,Prank Sounds: Haircut & Taser,hair cutter prank sound,false,5,0,9,28,3,ranked
com.prank.sound.airhorn.haircut.razor.clipper,Prank Sounds: Haircut & Taser,hair cutting sound prank,false,5,0,15,29,2,ranked
com.prank.sound.airhorn.haircut.razor.clipper,Prank Sounds: Haircut & Taser,hair prank machine,false,5,22,9,26,4,ranked
com.prank.sound.airhorn.haircut.razor.clipper,Prank Sounds: Haircut & Taser,hair prank sounds,false,5,0,15,28,3,ranked
com.prank.sound.airhorn.haircut.razor.clipper,Prank Sounds: Haircut & Taser,haircut buzzer prank,false,5,0,15,28,2,ranked
com.prank.sound.airhorn.haircut.razor.clipper,Prank Sounds: Haircut & Taser,haircut prank clipper,false,5,0,5,27,3,ranked
com.prank.sound.airhorn.haircut.razor.clipper,Prank Sounds: Haircut & Taser,haircut prank clipper sound,false,5,0,10,28,3,ranked
com.prank.sound.airhorn.haircut.razor.clipper,Prank Sounds: Haircut & Taser,haircut prank fake,false,5,5,15,28,3,ranked
com.prank.sound.airhorn.haircut.razor.clipper,Prank Sounds: Haircut & Taser,haircut sound game,false,5,5,15,29,2,ranked
com.prank.sound.airhorn.haircut.razor.clipper,Prank Sounds: Haircut & Taser,haircut sound prank,false,5,0,15,28,2,ranked
com.prank.sound.airhorn.haircut.razor.clipper,Prank Sounds: Haircut & Taser,monster prank sounds,false,5,5,16,27,4,ranked
com.prank.sound.airhorn.haircut.razor.clipper,Prank Sounds: Haircut & Taser,prank hair cutter,false,5,24,9,27,3,ranked
com.prank.sound.airhorn.haircut.razor.clipper,Prank Sounds: Haircut & Taser,prank so,false,5,5,0,24,6,ranked
com.prank.sound.airhorn.haircut.razor.clipper,Prank Sounds: Haircut & Taser,prank sound effects,true,5,0,8,25,6,ranked
com.prank.sound.airhorn.haircut.razor.clipper,Prank Sounds: Haircut & Taser,prank sound hair cutter,false,5,0,10,29,2,ranked
com.prank.sound.airhorn.haircut.razor.clipper,Prank Sounds: Haircut & Taser,prank sound haircut air horn,false,5,0,15,30,1,ranked
com.prank.sound.airhorn.haircut.razor.clipper,Prank Sounds: Haircut & Taser,prank sound simulator,true,5,5,0,26,5,ranked
com.prank.sound.airhorn.haircut.razor.clipper,Prank Sounds: Haircut & Taser,prank sounds fake,false,5,0,0,17,12,ranked
com.prank.sound.airhorn.haircut.razor.clipper,Prank Sounds: Haircut & Taser,prank sounds razor,false,5,0,22,29,2,ranked
com.prank.sound.airhorn.haircut.razor.clipper,Prank Sounds: Haircut & Taser,sounds clipper prank,false,5,0,6,24,7,ranked
com.prank.sound.airhorn.haircut.razor.clipper,Prank Sounds: Haircut & Taser,taser de buzina de ar de brincadeira de barbear,false,5,5,11,28,3,ranked
com.prank.sound.airhorn.haircut.razor.clipper,Prank Sounds: Haircut & Taser,taser sound effects,false,5,22,5,25,6,ranked
com.prank.sound.airhorn.haircut.razor.clipper,Prank Sounds: Haircut & Taser,the haircut prank,true,5,5,15,27,3,ranked
com.prank.sound.airhorn.haircut.razor.clipper,Prank Sounds: Haircut & Taser,broma cortapelos,false,5,5,15,25,5,ranked
com.prank.sound.airhorn.haircut.razor.clipper,Prank Sounds: Haircut & Taser,clipper prank sounds,false,5,0,5,26,6,ranked
com.prank.sound.airhorn.haircut.razor.clipper,Prank Sounds: Haircut & Taser,cut hair prank razor sound,true,5,5,5,26,5,ranked
com.prank.sound.airhorn.haircut.razor.clipper,Prank Sounds: Haircut & Taser,fake prank sound,false,5,5,0,17,11,ranked
com.prank.sound.airhorn.haircut.razor.clipper,Prank Sounds: Haircut & Taser,funny haircut sounds,false,5,0,15,28,3,ranked
com.prank.sound.airhorn.haircut.razor.clipper,Prank Sounds: Haircut & Taser,good pranks,false,5,22,6,23,9,ranked
com.prank.sound.airhorn.haircut.razor.clipper,Prank Sounds: Haircut & Taser,hair cut prank,false,5,24,15,29,2,ranked
com.prank.sound.airhorn.haircut.razor.clipper,Prank Sounds: Haircut & Taser,hair machine sound app,false,5,5,4,16,12,ranked
com.prank.sound.airhorn.haircut.razor.clipper,Prank Sounds: Haircut & Taser,haircut clipper prank,false,5,0,4,16,18,ranked
com.prank.sound.airhorn.haircut.razor.clipper,Prank Sounds: Haircut & Taser,haircut machine sound app,false,5,5,10,26,4,ranked
com.prank.sound.airhorn.haircut.razor.clipper,Prank Sounds: Haircut & Taser,haircut noises,false,5,20,15,30,1,ranked
com.prank.sound.airhorn.haircut.razor.clipper,Prank Sounds: Haircut & Taser,haircut prank air,true,5,22,15,28,3,ranked
com.prank.sound.airhorn.haircut.razor.clipper,Prank Sounds: Haircut & Taser,haircut prank game,false,5,5,15,27,3,ranked
com.prank.sound.airhorn.haircut.razor.clipper,Prank Sounds: Haircut & Taser,jogo de pegadinha de taser,false,5,5,10,14,11,ranked
com.prank.sound.airhorn.haircut.razor.clipper,Prank Sounds: Haircut & Taser,noise prank,false,5,0,1,29,2,ranked
com.prank.sound.airhorn.haircut.razor.clipper,Prank Sounds: Haircut & Taser,pran sound,false,5,14,0,29,2,ranked
com.prank.sound.airhorn.haircut.razor.clipper,Prank Sounds: Haircut & Taser,prank haircut sound,false,5,0,15,29,2,ranked
com.prank.sound.airhorn.haircut.razor.clipper,Prank Sounds: Haircut & Taser,prank sound effects offline,false,5,5,0,25,5,ranked
com.prank.sound.airhorn.haircut.razor.clipper,Prank Sounds: Haircut & Taser,prank sound hair cut and fart,false,5,0,5,26,4,ranked
com.prank.sound.airhorn.haircut.razor.clipper,Prank Sounds: Haircut & Taser,pranking sounds,false,5,0,0,30,1,ranked
com.prank.sound.airhorn.haircut.razor.clipper,Prank Sounds: Haircut & Taser,pranks sound,false,5,0,12,29,2,ranked
com.prank.sound.airhorn.haircut.razor.clipper,Prank Sounds: Haircut & Taser,shaver sound prank,false,5,0,6,26,5,ranked
com.prank.sound.airhorn.haircut.razor.clipper,Prank Sounds: Haircut & Taser,shaving machine prank,false,5,20,0,23,8,ranked
com.prank.sound.airhorn.haircut.razor.clipper,Prank Sounds: Haircut & Taser,sound hair cut,false,5,0,10,27,3,ranked
com.prank.sound.airhorn.haircut.razor.clipper,Prank Sounds: Haircut & Taser,sound prank sound,false,5,5,4,29,2,ranked
com.prank.sound.airhorn.haircut.razor.clipper,Prank Sounds: Haircut & Taser,sounds fart haircut,false,5,0,5,23,9,ranked
com.prank.sound.airhorn.haircut.razor.clipper,Prank Sounds: Haircut & Taser,sounds prank app,false,5,0,0,24,6,ranked
com.prank.sound.airhorn.haircut.razor.clipper,Prank Sounds: Haircut & Taser,trimmer sound prank,false,5,0,10,25,5,ranked
com.prank.sound.airhorn.haircut.razor.clipper,Prank Sounds: Haircut & Taser,barulhos,false,5,5,7,15,Unranked,unranked
com.prank.sound.airhorn.haircut.razor.clipper,Prank Sounds: Haircut & Taser,buzina de ar de pegadinha de corte de cabelo,false,5,0,17,12,15,ranked
com.prank.sound.airhorn.haircut.razor.clipper,Prank Sounds: Haircut & Taser,corte de cabelo com som engraçado,false,5,5,22,23,8,ranked
com.prank.sound.airhorn.haircut.razor.clipper,Prank Sounds: Haircut & Taser,cut fart,false,5,0,0,17,Unranked,unranked
com.prank.sound.airhorn.haircut.razor.clipper,Prank Sounds: Haircut & Taser,fart haircut,false,5,0,14,13,12,ranked
com.prank.sound.airhorn.haircut.razor.clipper,Prank Sounds: Haircut & Taser,funny noise prank,false,5,0,5,16,23,ranked
com.prank.sound.airhorn.haircut.razor.clipper,Prank Sounds: Haircut & Taser,jogar a la broma de corte de pelo,false,5,5,9,14,45,ranked
com.prank.sound.airhorn.haircut.razor.clipper,Prank Sounds: Haircut & Taser,jogos de barulho,false,5,0,9,14,Unranked,unranked
com.prank.sound.airhorn.haircut.razor.clipper,Prank Sounds: Haircut & Taser,jogos de broma de corte de pelo,false,5,5,14,23,9,ranked
com.prank.sound.airhorn.haircut.razor.clipper,Prank Sounds: Haircut & Taser,pegadinha de buzina e peido de corte de cabelo,false,5,5,21,11,31,ranked
com.prank.sound.airhorn.haircut.razor.clipper,Prank Sounds: Haircut & Taser,pegadinha de corte de cabelo buzina de ar e peido,false,5,5,21,11,Unranked,unranked
com.prank.sound.airhorn.haircut.razor.clipper,Prank Sounds: Haircut & Taser,pegadinha de corte de cabelo com barbear,false,5,5,16,12,33,ranked
com.prank.sound.airhorn.haircut.razor.clipper,Prank Sounds: Haircut & Taser,pegadinha de corte de cabelo na buzina de ar e peido,false,5,0,21,11,Unranked,unranked
com.prank.sound.airhorn.haircut.razor.clipper,Prank Sounds: Haircut & Taser,prank app voice,false,5,0,15,13,14,ranked
com.prank.sound.airhorn.haircut.razor.clipper,Prank Sounds: Haircut & Taser,ruidos estranhos,false,5,5,20,11,Unranked,unranked
com.prank.sound.airhorn.haircut.razor.clipper,Prank Sounds: Haircut & Taser,som de pegadinha de corte de cabelo com buzina de ar,false,5,5,21,11,15,ranked
com.prank.sound.airhorn.haircut.razor.clipper,Prank Sounds: Haircut & Taser,sons de pegadinha de corte de cabelo e peido,false,5,5,25,23,8,ranked
com.prank.sound.airhorn.haircut.razor.clipper,Prank Sounds: Haircut & Taser,sons de peido de pegadinha de corte de cabelo,false,5,5,23,10,41,ranked
com.prank.sound.airhorn.haircut.razor.clipper,Prank Sounds: Haircut & Taser,trolagem,false,5,30,32,8,Unranked,unranked
com.prank.sound.airhorn.haircut.razor.clipper,Prank Sounds: Haircut & Taser,aplicativo de ruídos de brincadeira,false,5,5,14,13,44,ranked
com.prank.sound.airhorn.haircut.razor.clipper,Prank Sounds: Haircut & Taser,aplicativo de som de cabelo,false,5,5,9,14,22,ranked
com.prank.sound.airhorn.haircut.razor.clipper,Prank Sounds: Haircut & Taser,brincadeira de barulho,false,5,0,44,5,19,ranked
com.prank.sound.airhorn.haircut.razor.clipper,Prank Sounds: Haircut & Taser,corte de cabelo com som de peido,false,5,5,24,10,Unranked,unranked
com.prank.sound.airhorn.haircut.razor.clipper,Prank Sounds: Haircut & Taser,hair clipper fart prank,false,5,0,9,22,10,ranked
com.prank.sound.airhorn.haircut.razor.clipper,Prank Sounds: Haircut & Taser,jogo de broma de pelo,false,5,5,25,10,13,ranked
com.prank.sound.airhorn.haircut.razor.clipper,Prank Sounds: Haircut & Taser,jogo de pegadinha de chifre,false,5,5,16,12,Unranked,unranked
com.prank.sound.airhorn.haircut.razor.clipper,Prank Sounds: Haircut & Taser,pegadinha de cabelo de policial,false,5,5,36,7,36,ranked
com.prank.sound.airhorn.haircut.razor.clipper,Prank Sounds: Haircut & Taser,pegadinha de corte de cabelo com peido,false,5,5,21,11,32,ranked
com.prank.sound.airhorn.haircut.razor.clipper,Prank Sounds: Haircut & Taser,air horn haircut prank,false,12,24,9,40,2,ranked
com.prank.sound.airhorn.haircut.razor.clipper,Prank Sounds: Haircut & Taser,enganar,false,18,30,11,26,Unranked,unranked
com.prank.sound.airhorn.haircut.razor.clipper,Prank Sounds: Haircut & Taser,japevox funny prank,true,18,24,0,32,Unranked,unranked
com.prank.sound.airhorn.haircut.razor.clipper,Prank Sounds: Haircut & Taser,fart sounds haircut prank app,false,12,24,9,38,4,ranked
com.prank.sound.airhorn.haircut.razor.clipper,Prank Sounds: Haircut & Taser,haircut and fart prank,false,12,24,26,36,5,ranked
com.prank.sound.airhorn.haircut.razor.clipper,Prank Sounds: Haircut & Taser,pranking,false,12,24,4,23,Unranked,unranked
com.prank.sound.airhorn.haircut.razor.clipper,Prank Sounds: Haircut & Taser,pum,false,25,25,14,31,Unranked,unranked
com.prank.sound.airhorn.haircut.razor.clipper,Prank Sounds: Haircut & Taser,funny pranks,false,9,22,0,22,Unranked,unranked
com.prank.sound.airhorn.haircut.razor.clipper,Prank Sounds: Haircut & Taser,prank funny sounds,false,9,22,0,22,25,ranked
com.prank.sound.airhorn.haircut.razor.clipper,Prank Sounds: Haircut & Taser,prank play,false,9,22,0,22,48,ranked
com.prank.sound.airhorn.haircut.razor.clipper,Prank Sounds: Haircut & Taser,boom prank app,false,7,20,0,19,28,ranked
com.prank.sound.airhorn.haircut.razor.clipper,Prank Sounds: Haircut & Taser,funny app,false,12,12,0,25,Unranked,unranked
com.prank.sound.airhorn.haircut.razor.clipper,Prank Sounds: Haircut & Taser,prank people,false,9,22,0,22,25,ranked
com.prank.sound.airhorn.haircut.razor.clipper,Prank Sounds: Haircut & Taser,pranked,false,12,12,0,25,47,ranked
com.prank.sound.airhorn.haircut.razor.clipper,Prank Sounds: Haircut & Taser,boom prank,false,12,24,0,25,50,ranked
com.prank.sound.airhorn.haircut.razor.clipper,Prank Sounds: Haircut & Taser,fart prank game,false,12,12,8,22,31,ranked
com.prank.sound.airhorn.haircut.razor.clipper,Prank Sounds: Haircut & Taser,haha prank,false,14,14,0,33,10,ranked
com.prank.sound.airhorn.haircut.razor.clipper,Prank Sounds: Haircut & Taser,taser sound,false,12,24,0,39,3,ranked
com.prank.sound.airhorn.haircut.razor.clipper,Prank Sounds: Haircut & Taser,taser prank app,false,12,24,5,35,6,ranked
com.prank.sound.airhorn.haircut.razor.clipper,Prank Sounds: Haircut & Taser,pranks sounds,false,12,24,4,42,1,ranked
com.prank.sound.airhorn.haircut.razor.clipper,Prank Sounds: Haircut & Taser,pranking app,false,7,24,0,19,13,ranked
com.prank.sound.airhorn.haircut.razor.clipper,Prank Sounds: Haircut & Taser,engraçados,false,21,32,0,35,Unranked,unranked
com.prank.sound.airhorn.haircut.razor.clipper,Prank Sounds: Haircut & Taser,taser sound app,false,9,22,5,37,1,ranked
com.prank.sound.airhorn.haircut.razor.clipper,Prank Sounds: Haircut & Taser,prank sound master,false,9,9,12,37,1,ranked
com.prank.sound.airhorn.haircut.razor.clipper,Prank Sounds: Haircut & Taser,prank sound hair clipper fart,true,9,22,9,36,2,ranked
com.prank.sound.airhorn.haircut.razor.clipper,Prank Sounds: Haircut & Taser,prank sound hải,false,9,20,22,35,2,ranked
com.prank.sound.airhorn.haircut.razor.clipper,Prank Sounds: Haircut & Taser,prank sound hai,true,9,20,9,37,1,ranked
com.prank.sound.airhorn.haircut.razor.clipper,Prank Sounds: Haircut & Taser,prank noises app,false,9,24,5,34,3,ranked
com.prank.sound.airhorn.haircut.razor.clipper,Prank Sounds: Haircut & Taser,and prank,false,9,9,15,32,4,ranked
com.prank.sound.airhorn.haircut.razor.clipper,Prank Sounds: Haircut & Taser,som falso,false,18,30,28,19,Unranked,unranked
com.prank.sound.airhorn.haircut.razor.clipper,Prank Sounds: Haircut & Taser,som engraçados,false,18,30,7,28,Unranked,unranked
com.prank.sound.airhorn.haircut.razor.clipper,Prank Sounds: Haircut & Taser,fake sound game,false,7,22,1,28,5,ranked
com.prank.sound.airhorn.haircut.razor.clipper,Prank Sounds: Haircut & Taser,som engraçado de pegadinha,false,14,14,17,20,Unranked,unranked
com.prank.sound.airhorn.haircut.razor.clipper,Prank Sounds: Haircut & Taser,sons engraçado,true,14,26,7,24,Unranked,unranked
com.prank.sound.airhorn.haircut.razor.clipper,Prank Sounds: Haircut & Taser,sons engraçados de pegadinhas,true,14,26,0,27,Unranked,unranked
com.prank.sound.airhorn.haircut.razor.clipper,Prank Sounds: Haircut & Taser,sons falsos,false,14,26,19,19,Unranked,unranked
com.prank.sound.airhorn.haircut.razor.clipper,Prank Sounds: Haircut & Taser,fart sounds prank,false,14,30,0,27,Unranked,unranked
com.prank.sound.airhorn.haircut.razor.clipper,Prank Sounds: Haircut & Taser,fart noise,false,14,26,0,27,Unranked,unranked
com.prank.sound.airhorn.haircut.razor.clipper,Prank Sounds: Haircut & Taser,haircut prank,true,8,16,10,31,4,ranked
com.prank.sound.airhorn.haircut.razor.clipper,Prank Sounds: Haircut & Taser,hai prank,false,14,22,5,36,7,ranked
com.prank.sound.airhorn.haircut.razor.clipper,Prank Sounds: Haircut & Taser,hair prank,false,18,26,5,49,2,ranked
com.prank.sound.airhorn.haircut.razor.clipper,Prank Sounds: Haircut & Taser,pegadinha,false,13,34,21,17,Unranked,unranked
com.prank.sound.airhorn.haircut.razor.clipper,Prank Sounds: Haircut & Taser,prank game,false,18,26,0,32,Unranked,unranked
com.prank.sound.airhorn.haircut.razor.clipper,Prank Sounds: Haircut & Taser,fart prank offline,false,12,12,0,25,Unranked,unranked
com.prank.sound.airhorn.haircut.razor.clipper,Prank Sounds: Haircut & Taser,fart funny,false,12,24,0,25,Unranked,unranked
com.prank.sound.airhorn.haircut.razor.clipper,Prank Sounds: Haircut & Taser,fart fart prank,false,12,12,4,23,135,ranked
com.prank.sound.airhorn.haircut.razor.clipper,Prank Sounds: Haircut & Taser,fart apps fart sound prank,false,12,24,0,25,151,ranked
com.prank.sound.airhorn.haircut.razor.clipper,Prank Sounds: Haircut & Taser,fart app prank,false,12,20,0,25,Unranked,unranked
com.prank.sound.airhorn.haircut.razor.clipper,Prank Sounds: Haircut & Taser,sons divertidos,false,12,12,0,25,162,ranked
com.prank.sound.airhorn.haircut.razor.clipper,Prank Sounds: Haircut & Taser,de broma,false,12,12,5,23,38,ranked
com.prank.sound.airhorn.haircut.razor.clipper,Prank Sounds: Haircut & Taser,250 prank sounds,false,12,24,16,40,3,ranked
com.prank.sound.airhorn.haircut.razor.clipper,Prank Sounds: Haircut & Taser,barulhos engraçados,false,9,22,12,17,132,ranked
com.prank.sound.airhorn.haircut.razor.clipper,Prank Sounds: Haircut & Taser,fake fart prank,false,9,9,0,22,Unranked,unranked
com.prank.sound.airhorn.haircut.razor.clipper,Prank Sounds: Haircut & Taser,funny prank sound effects,false,9,22,4,20,19,ranked
com.prank.sound.airhorn.haircut.razor.clipper,Prank Sounds: Haircut & Taser,sound effect prank app,false,9,22,38,27,10,ranked
com.prank.sound.airhorn.haircut.razor.clipper,Prank Sounds: Haircut & Taser,pegadinhas,false,8,18,16,15,Unranked,unranked
com.prank.sound.airhorn.haircut.razor.clipper,Prank Sounds: Haircut & Taser,funny fart app,false,7,24,0,19,Unranked,unranked
com.prank.sound.airhorn.haircut.razor.clipper,Prank Sounds: Haircut & Taser,hacer sonidos,false,7,0,21,12,Unranked,unranked
com.prank.sound.airhorn.haircut.razor.clipper,Prank Sounds: Haircut & Taser,juegos de bromas divertidos,false,7,7,36,8,23,ranked
com.prank.sound.airhorn.haircut.razor.clipper,Prank Sounds: Haircut & Taser,prank sounds ha,false,7,20,32,30,4,ranked
com.prank.sound.airhorn.haircut.razor.clipper,Prank Sounds: Haircut & Taser,sound fart,false,7,9,0,19,Unranked,unranked
com.prank.sound.airhorn.haircut.razor.clipper,Prank Sounds: Haircut & Taser,sound fart prank,false,7,20,0,19,112,ranked
com.prank.sound.airhorn.haircut.razor.clipper,Prank Sounds: Haircut & Taser,endless pranking,false,5,5,11,14,Unranked,unranked
com.prank.sound.airhorn.haircut.razor.clipper,Prank Sounds: Haircut & Taser,prank,false,5,38,21,11,18,estimated
com.prank.sound.airhorn.haircut.razor.clipper,Prank Sounds: Haircut & Taser,prank all hilarious,false,5,0,3,16,71,ranked
com.prank.sound.airhorn.haircut.razor.clipper,Prank Sounds: Haircut & Taser,prank all hilarious prank app,false,5,0,0,17,47,ranked
com.prank.sound.airhorn.haircut.razor.clipper,Prank Sounds: Haircut & Taser,haircut fart funny pranks,false,5,24,5,23,8,ranked
com.prank.sound.airhorn.haircut.razor.clipper,Prank Sounds: Haircut & Taser,air horn fart and haircut prank,false,5,5,4,16,12,ranked
com.prank.sound.airhorn.haircut.razor.clipper,Prank Sounds: Haircut & Taser,frank sound haircut,false,5,5,10,30,1,ranked
com.prank.sound.airhorn.haircut.razor.clipper,Prank Sounds: Haircut & Taser,funny prank sounds haircut,false,5,5,26,30,1,ranked
com.prank.sound.airhorn.haircut.razor.clipper,Prank Sounds: Haircut & Taser,hair clipper prank sound,false,5,0,15,27,4,ranked
com.prank.sound.airhorn.haircut.razor.clipper,Prank Sounds: Haircut & Taser,hair cutter sound prank,false,5,5,15,29,1,ranked
com.prank.sound.airhorn.haircut.razor.clipper,Prank Sounds: Haircut & Taser,haircut noise,false,5,20,15,30,1,ranked
com.prank.sound.airhorn.haircut.razor.clipper,Prank Sounds: Haircut & Taser,haircut prank sound,false,5,5,15,28,3,ranked
com.prank.sound.airhorn.haircut.razor.clipper,Prank Sounds: Haircut & Taser,haircut sound app,false,5,5,15,28,3,ranked
com.prank.sound.airhorn.haircut.razor.clipper,Prank Sounds: Haircut & Taser,haircut sounds,false,5,0,10,30,1,ranked
com.prank.sound.airhorn.haircut.razor.clipper,Prank Sounds: Haircut & Taser,haircut sounds app,false,5,5,15,29,2,ranked
com.prank.sound.airhorn.haircut.razor.clipper,Prank Sounds: Haircut & Taser,haircut taser,false,5,7,15,30,1,ranked
com.prank.sound.airhorn.haircut.razor.clipper,Prank Sounds: Haircut & Taser,pranj sound hair,false,5,5,10,29,2,ranked
com.prank.sound.airhorn.haircut.razor.clipper,Prank Sounds: Haircut & Taser,prank games taser,false,5,5,10,25,6,ranked
com.prank.sound.airhorn.haircut.razor.clipper,Prank Sounds: Haircut & Taser,prank sound effects hair cut,true,5,5,9,30,1,ranked
com.prank.sound.airhorn.haircut.razor.clipper,Prank Sounds: Haircut & Taser,prank sound hair,false,5,5,15,30,1,ranked
com.prank.sound.airhorn.haircut.razor.clipper,Prank Sounds: Haircut & Taser,prank sound hair clipper,true,5,5,15,29,1,ranked
com.prank.sound.airhorn.haircut.razor.clipper,Prank Sounds: Haircut & Taser,prank sound haircut,true,5,0,15,30,1,ranked
com.prank.sound.airhorn.haircut.razor.clipper,Prank Sounds: Haircut & Taser,prank sound haircut air,true,5,0,15,29,1,ranked
com.prank.sound.airhorn.haircut.razor.clipper,Prank Sounds: Haircut & Taser,prank sound haircut and fart,false,5,0,5,28,2,ranked
com.prank.sound.airhorn.haircut.razor.clipper,Prank Sounds: Haircut & Taser,prank sound haircut fart,true,5,0,5,29,2,ranked
com.prank.sound.airhorn.haircut.razor.clipper,Prank Sounds: Haircut & Taser,prank sounds and voice changes,false,5,0,42,30,1,ranked
com.prank.sound.airhorn.haircut.razor.clipper,Prank Sounds: Haircut & Taser,prank sounds haircut,false,5,5,15,30,1,ranked
com.prank.sound.airhorn.haircut.razor.clipper,Prank Sounds: Haircut & Taser,prank sounds haircut air horn,false,5,5,1,26,4,ranked
com.prank.sound.airhorn.haircut.razor.clipper,Prank Sounds: Haircut & Taser,prank sounds haircut and fart,false,5,0,5,29,1,ranked
com.prank.sound.airhorn.haircut.razor.clipper,Prank Sounds: Haircut & Taser,prank sounds haircut and taser,true,5,5,8,30,1,ranked
com.prank.sound.airhorn.haircut.razor.clipper,Prank Sounds: Haircut & Taser,razor prank airhorn taser,false,5,5,10,29,2,ranked
com.prank.sound.airhorn.haircut.razor.clipper,Prank Sounds: Haircut & Taser,sound haircut,false,5,5,5,30,1,ranked
com.prank.sound.airhorn.haircut.razor.clipper,Prank Sounds: Haircut & Taser,sound haircut prank,false,5,5,15,30,1,ranked
com.prank.sound.airhorn.haircut.razor.clipper,Prank Sounds: Haircut & Taser,sound prank game,false,5,20,0,24,7,ranked
com.prank.sound.airhorn.haircut.razor.clipper,Prank Sounds: Haircut & Taser,sounds appprank,false,5,5,0,17,13,ranked
com.prank.sound.airhorn.haircut.razor.clipper,Prank Sounds: Haircut & Taser,sounds haircut,false,5,0,10,30,1,ranked
com.prank.sound.airhorn.haircut.razor.clipper,Prank Sounds: Haircut & Taser,sounds haircut air,false,5,0,15,29,1,ranked
com.prank.sound.airhorn.haircut.razor.clipper,Prank Sounds: Haircut & Taser,sounds haircut prank,false,5,5,15,29,2,ranked
com.prank.sound.airhorn.haircut.razor.clipper,Prank Sounds: Haircut & Taser,sounds haircut shaver,false,5,5,10,30,1,ranked
com.prank.sound.airhorn.haircut.razor.clipper,Prank Sounds: Haircut & Taser,taser prank sounds,false,5,5,16,30,1,ranked
com.prank.sound.airhorn.haircut.razor.clipper,Prank Sounds: Haircut & Taser,tazer sound prank,false,5,0,6,27,3,ranked
com.prank.sound.airhorn.haircut.razor.clipper,Prank Sounds: Haircut & Taser,199 sons de pegadinha,false,5,5,17,12,99,ranked
com.prank.sound.airhorn.haircut.razor.clipper,Prank Sounds: Haircut & Taser,200 prank sounds,false,5,0,5,26,4,ranked
com.prank.sound.airhorn.haircut.razor.clipper,Prank Sounds: Haircut & Taser,amigos de pegadinha,false,5,0,29,9,Unranked,unranked
com.prank.sound.airhorn.haircut.razor.clipper,Prank Sounds: Haircut & Taser,aparador de pegadinha,false,5,0,12,14,Unranked,unranked
com.prank.sound.airhorn.haircut.razor.clipper,Prank Sounds: Haircut & Taser,aplicação de broma de sonidos,false,5,0,31,8,23,ranked
com.prank.sound.airhorn.haircut.razor.clipper,Prank Sounds: Haircut & Taser,aplicación de broma de sonido,false,5,0,31,8,24,ranked
com.prank.sound.airhorn.haircut.razor.clipper,Prank Sounds: Haircut & Taser,aplicativo de barulho de peido,false,5,0,2,17,Unranked,unranked
com.prank.sound.airhorn.haircut.razor.clipper,Prank Sounds: Haircut & Taser,aplicativo de brincadeira de peido,false,5,0,2,17,Unranked,unranked
com.prank.sound.airhorn.haircut.razor.clipper,Prank Sounds: Haircut & Taser,aplicativo de brincadeira de peido de buzina de ar,false,5,0,8,15,Unranked,unranked
com.prank.sound.airhorn.haircut.razor.clipper,Prank Sounds: Haircut & Taser,aplicativo de brincadeira de som de peido,false,5,0,14,13,Unranked,unranked
com.prank.sound.airhorn.haircut.razor.clipper,Prank Sounds: Haircut & Taser,aplicativo de brincadeira engraçada,false,5,0,24,10,41,ranked
com.prank.sound.airhorn.haircut.razor.clipper,Prank Sounds: Haircut & Taser,aplicativo de brincadeira engraçado sons de pegadinha,false,5,0,15,13,Unranked,unranked
com.prank.sound.airhorn.haircut.razor.clipper,Prank Sounds: Haircut & Taser,aplicativo de brincadeira sons engraçados de brincadeira,false,5,0,17,12,Unranked,unranked
com.prank.sound.airhorn.haircut.razor.clipper,Prank Sounds: Haircut & Taser,aplicativo de brincadeiras engraçadas,false,5,0,36,7,Unranked,unranked
com.prank.sound.airhorn.haircut.razor.clipper,Prank Sounds: Haircut & Taser,aplicativo de efeitos sonoros de pegadinha,false,5,0,7,15,Unranked,unranked
com.prank.sound.airhorn.haircut.razor.clipper,Prank Sounds: Haircut & Taser,aplicativo de fazer pegadinha,false,5,5,22,25,6,ranked
com.prank.sound.airhorn.haircut.razor.clipper,Prank Sounds: Haircut & Taser,aplicativo de máquina de peido,false,5,0,18,12,Unranked,unranked
com.prank.sound.airhorn.haircut.razor.clipper,Prank Sounds: Haircut & Taser,aplicativo de pegadinha com animais de estimação,false,5,5,3,16,Unranked,unranked
com.prank.sound.airhorn.haircut.razor.clipper,Prank Sounds: Haircut & Taser,aplicativo de pegadinha com aparador,false,5,5,16,12,Unranked,unranked
com.prank.sound.airhorn.haircut.razor.clipper,Prank Sounds: Haircut & Taser,aplicativo de pegadinha com som de aparador,false,5,5,31,8,38,ranked
com.prank.sound.airhorn.haircut.razor.clipper,Prank Sounds: Haircut & Taser,aplicativo de pegadinha com sons de peido,false,5,5,14,13,Unranked,unranked
com.prank.sound.airhorn.haircut.razor.clipper,Prank Sounds: Haircut & Taser,aplicativo de pegadinha de aparador,false,5,0,21,11,37,ranked
com.prank.sound.airhorn.haircut.razor.clipper,Prank Sounds: Haircut & Taser,aplicativo de pegadinha de chifre,false,5,5,16,12,Unranked,unranked
com.prank.sound.airhorn.haircut.razor.clipper,Prank Sounds: Haircut & Taser,aplicativo de pegadinha de navalha,false,5,5,17,12,Unranked,unranked
com.prank.sound.airhorn.haircut.razor.clipper,Prank Sounds: Haircut & Taser,aplicativo de pegadinha engraçado,false,5,5,30,8,Unranked,unranked
com.prank.sound.airhorn.haircut.razor.clipper,Prank Sounds: Haircut & Taser,aplicativo de pegadinha hilária,false,5,0,26,10,Unranked,unranked
com.prank.sound.airhorn.haircut.razor.clipper,Prank Sounds: Haircut & Taser,aplicativo de pegadinha wala,false,5,5,31,8,Unranked,unranked
com.prank.sound.airhorn.haircut.razor.clipper,Prank Sounds: Haircut & Taser,aplicativo de pegadinhas com sons engraçados,false,5,5,21,11,Unranked,unranked
com.prank.sound.airhorn.haircut.razor.clipper,Prank Sounds: Haircut & Taser,aplicativo de pegadinhas engraçado,false,5,5,31,8,Unranked,unranked
com.prank.sound.airhorn.haircut.razor.clipper,Prank Sounds: Haircut & Taser,aplicativo de pegadinhas hilárias,false,5,5,31,8,33,ranked
com.prank.sound.airhorn.haircut.razor.clipper,Prank Sounds: Haircut & Taser,aplicativo de peido,false,5,0,2,17,Unranked,unranked
com.prank.sound.airhorn.haircut.razor.clipper,Prank Sounds: Haircut & Taser,aplicativo de peido engraçado,false,5,5,2,17,Unranked,unranked
com.prank.sound.airhorn.haircut.razor.clipper,Prank Sounds: Haircut & Taser,aplicativo de peido pegadinha,false,5,5,2,17,Unranked,unranked
com.prank.sound.airhorn.haircut.razor.clipper,Prank Sounds: Haircut & Taser,aplicativo de ruído de peido,false,5,5,3,16,Unranked,unranked
com.prank.sound.airhorn.haircut.razor.clipper,Prank Sounds: Haircut & Taser,aplicativo de som de gases humanos,false,5,5,3,16,Unranked,unranked
com.prank.sound.airhorn.haircut.razor.clipper,Prank Sounds: Haircut & Taser,aplicativo de som de pegadinha,false,5,0,31,8,Unranked,unranked
com.prank.sound.airhorn.haircut.razor.clipper,Prank Sounds: Haircut & Taser,aplicativo de som de pegadinha engraçado,false,5,5,21,11,Unranked,unranked
com.prank.sound.airhorn.haircut.razor.clipper,Prank Sounds: Haircut & Taser,aplicativo de som de peido,false,5,5,2,17,Unranked,unranked
com.prank.sound.airhorn.haircut.razor.clipper,Prank Sounds: Haircut & Taser,aplicativo de som de peido engraçado,false,5,5,2,17,Unranked,unranked
com.prank.sound.airhorn.haircut.razor.clipper,Prank Sounds: Haircut & Taser,aplicativo de som engraçado de pegadinha,false,5,5,26,10,Unranked,unranked
com.prank.sound.airhorn.haircut.razor.clipper,Prank Sounds: Haircut & Taser,aplicativo de sons,false,5,0,49,4,Unranked,unranked
com.prank.sound.airhorn.haircut.razor.clipper,Prank Sounds: Haircut & Taser,aplicativo de sons de brincadeira engraçada,false,5,0,19,11,47,ranked
com.prank.sound.airhorn.haircut.razor.clipper,Prank Sounds: Haircut & Taser,aplicativo de sons de pegadinha,false,5,0,31,8,Unranked,unranked
com.prank.sound.airhorn.haircut.razor.clipper,Prank Sounds: Haircut & Taser,aplicativo de sons de peido de brincadeira,false,5,5,2,17,Unranked,unranked
com.prank.sound.airhorn.haircut.razor.clipper,Prank Sounds: Haircut & Taser,aplicativo de sons engraçados,false,5,0,7,15,Unranked,unranked
com.prank.sound.airhorn.haircut.razor.clipper,Prank Sounds: Haircut & Taser,aplicativo de sons engraçados de pegadinha,false,5,5,21,11,Unranked,unranked
com.prank.sound.airhorn.haircut.razor.clipper,Prank Sounds: Haircut & Taser,aplicativos de pegadinha de peido,false,5,5,14,13,Unranked,unranked
com.prank.sound.airhorn.haircut.razor.clipper,Prank Sounds: Haircut & Taser,aplicativos de pegadinha grátis,false,5,0,31,8,50,ranked
com.prank.sound.airhorn.haircut.razor.clipper,Prank Sounds: Haircut & Taser,aplicativos de pegadinhas,false,5,0,31,8,47,ranked
com.prank.sound.airhorn.haircut.razor.clipper,Prank Sounds: Haircut & Taser,aplicativos de pegadinhas grátis,false,5,5,16,12,45,ranked
com.prank.sound.airhorn.haircut.razor.clipper,Prank Sounds: Haircut & Taser,aplicativos de peido brincadeira de som de peido,false,5,0,2,17,111,ranked
com.prank.sound.airhorn.haircut.razor.clipper,Prank Sounds: Haircut & Taser,aplicativos de peido brincadeira de sons de peido,false,5,0,2,17,Unranked,unranked
com.prank.sound.airhorn.haircut.razor.clipper,Prank Sounds: Haircut & Taser,aplicativos de peido com som de peido pegadinha,false,5,5,14,13,Unranked,unranked
com.prank.sound.airhorn.haircut.razor.clipper,Prank Sounds: Haircut & Taser,aplicativos de peido grátis,false,5,0,2,17,Unranked,unranked
com.prank.sound.airhorn.haircut.razor.clipper,Prank Sounds: Haircut & Taser,aplicativos de som de peido,false,5,0,2,17,Unranked,unranked
com.prank.sound.airhorn.haircut.razor.clipper,Prank Sounds: Haircut & Taser,app prank sound,true,5,5,23,26,4,ranked
com.prank.sound.airhorn.haircut.razor.clipper,Prank Sounds: Haircut & Taser,barulho de peido,false,5,0,2,17,Unranked,unranked
com.prank.sound.airhorn.haircut.razor.clipper,Prank Sounds: Haircut & Taser,barulho engraçado,false,5,0,7,15,Unranked,unranked
com.prank.sound.airhorn.haircut.razor.clipper,Prank Sounds: Haircut & Taser,barulhos altos de peido,false,5,5,2,17,Unranked,unranked
com.prank.sound.airhorn.haircut.razor.clipper,Prank Sounds: Haircut & Taser,barulhos de pegadinha,false,5,0,31,8,25,ranked
com.prank.sound.airhorn.haircut.razor.clipper,Prank Sounds: Haircut & Taser,barulhos de peido,false,5,0,6,15,167,ranked
com.prank.sound.airhorn.haircut.razor.clipper,Prank Sounds: Haircut & Taser,barulhos de peido de brincadeira,false,5,5,2,17,Unranked,unranked
com.prank.sound.airhorn.haircut.razor.clipper,Prank Sounds: Haircut & Taser,barulhos de peido que parecem reais,false,5,0,2,17,Unranked,unranked
com.prank.sound.airhorn.haircut.razor.clipper,Prank Sounds: Haircut & Taser,barulhos engraçados de pegadinha,false,5,5,25,10,Unranked,unranked
com.prank.sound.airhorn.haircut.razor.clipper,Prank Sounds: Haircut & Taser,barulhos engraçados de peido,false,5,5,2,17,Unranked,unranked
com.prank.sound.airhorn.haircut.razor.clipper,Prank Sounds: Haircut & Taser,boas pegadinhas,false,5,0,12,14,Unranked,unranked
com.prank.sound.airhorn.haircut.razor.clipper,Prank Sounds: Haircut & Taser,brincadeira buzina de ar peido clipper,false,5,0,17,12,Unranked,unranked
com.prank.sound.airhorn.haircut.razor.clipper,Prank Sounds: Haircut & Taser,brincadeira de aplicativo de peido,false,5,0,2,17,Unranked,unranked
com.prank.sound.airhorn.haircut.razor.clipper,Prank Sounds: Haircut & Taser,brincadeira de barulhos engraçados,false,5,5,26,10,Unranked,unranked
com.prank.sound.airhorn.haircut.razor.clipper,Prank Sounds: Haircut & Taser,brincadeira de peido,false,5,0,2,17,Unranked,unranked
com.prank.sound.airhorn.haircut.razor.clipper,Prank Sounds: Haircut & Taser,brincadeira de peido com som engraçado,false,5,5,3,16,Unranked,unranked
com.prank.sound.airhorn.haircut.razor.clipper,Prank Sounds: Haircut & Taser,brincadeira de peido de buzina de ar,false,5,5,8,15,101,ranked
com.prank.sound.airhorn.haircut.razor.clipper,Prank Sounds: Haircut & Taser,brincadeira de peido de som engraçado,false,5,0,3,16,Unranked,unranked
com.prank.sound.airhorn.haircut.razor.clipper,Prank Sounds: Haircut & Taser,brincadeira de peido e corte de cabelo de buzina de ar,false,5,5,27,9,35,ranked
com.prank.sound.airhorn.haircut.razor.clipper,Prank Sounds: Haircut & Taser,brincadeira de som de peido,false,5,5,2,17,Unranked,unranked
com.prank.sound.airhorn.haircut.razor.clipper,Prank Sounds: Haircut & Taser,brincadeira de som de peido engraçado,false,5,0,2,17,Unranked,unranked
com.prank.sound.airhorn.haircut.razor.clipper,Prank Sounds: Haircut & Taser,brincadeira de som engraçado,false,5,5,7,15,Unranked,unranked
com.prank.sound.airhorn.haircut.razor.clipper,Prank Sounds: Haircut & Taser,brincadeira engraçada jogo de som,false,5,0,31,8,40,ranked
com.prank.sound.airhorn.haircut.razor.clipper,Prank Sounds: Haircut & Taser,brincadeira engraçada som peido,false,5,0,3,16,Unranked,unranked
com.prank.sound.airhorn.haircut.razor.clipper,Prank Sounds: Haircut & Taser,brincadeira sons engraçados,false,5,0,17,12,Unranked,unranked
com.prank.sound.airhorn.haircut.razor.clipper,Prank Sounds: Haircut & Taser,brincadeiras engraçadas,false,5,0,32,8,Unranked,unranked
com.prank.sound.airhorn.haircut.razor.clipper,Prank Sounds: Haircut & Taser,brincadeiras engraçadas de peido de corte de cabelo,false,5,5,31,8,17,ranked
com.prank.sound.airhorn.haircut.razor.clipper,Prank Sounds: Haircut & Taser,broma de efeitos de sonido,false,5,0,29,9,49,ranked
com.prank.sound.airhorn.haircut.razor.clipper,Prank Sounds: Haircut & Taser,broma sonido corte de pelo aire,false,5,0,9,14,13,ranked
com.prank.sound.airhorn.haircut.razor.clipper,Prank Sounds: Haircut & Taser,bromas de sonido,false,5,0,0,17,34,ranked
com.prank.sound.airhorn.haircut.razor.clipper,Prank Sounds: Haircut & Taser,buzina de ar de brincadeira peido,false,5,5,17,12,Unranked,unranked
com.prank.sound.airhorn.haircut.razor.clipper,Prank Sounds: Haircut & Taser,buzina peido,false,5,5,3,16,Unranked,unranked
com.prank.sound.airhorn.haircut.razor.clipper,Prank Sounds: Haircut & Taser,cabelo som engraçado,false,5,0,21,11,Unranked,unranked
com.prank.sound.airhorn.haircut.razor.clipper,Prank Sounds: Haircut & Taser,chamador de pegadinha,false,5,0,21,11,Unranked,unranked
com.prank.sound.airhorn.haircut.razor.clipper,Prank Sounds: Haircut & Taser,chamar sons engraçados de brincadeira,false,5,0,7,15,Unranked,unranked
com.prank.sound.airhorn.haircut.razor.clipper,Prank Sounds: Haircut & Taser,chifre de pegadinha,false,5,5,22,11,Unranked,unranked
com.prank.sound.airhorn.haircut.razor.clipper,Prank Sounds: Haircut & Taser,clipper de peido de buzina de ar de pegadinha,false,5,5,21,11,39,ranked
com.prank.sound.airhorn.haircut.razor.clipper,Prank Sounds: Haircut & Taser,clipper fart sound,false,5,5,25,10,35,ranked
com.prank.sound.airhorn.haircut.razor.clipper,Prank Sounds: Haircut & Taser,coisas de pegadinha,false,5,0,21,11,Unranked,unranked
com.prank.sound.airhorn.haircut.razor.clipper,Prank Sounds: Haircut & Taser,cortador de peido de buzina de ar de brincadeira,false,5,0,10,14,Unranked,unranked
com.prank.sound.airhorn.haircut.razor.clipper,Prank Sounds: Haircut & Taser,corte a pegadinha,false,5,0,5,16,Unranked,unranked
com.prank.sound.airhorn.haircut.razor.clipper,Prank Sounds: Haircut & Taser,criador de pegadinhas,false,5,0,16,12,Unranked,unranked
com.prank.sound.airhorn.haircut.razor.clipper,Prank Sounds: Haircut & Taser,dia de pegadinha,false,5,0,11,14,Unranked,unranked
com.prank.sound.airhorn.haircut.razor.clipper,Prank Sounds: Haircut & Taser,different sound prank,false,5,5,31,26,5,ranked
com.prank.sound.airhorn.haircut.razor.clipper,Prank Sounds: Haircut & Taser,different sounds prank,false,5,5,17,28,3,ranked
com.prank.sound.airhorn.haircut.razor.clipper,Prank Sounds: Haircut & Taser,diversão pegadinhas,false,5,0,16,12,Unranked,unranked
com.prank.sound.airhorn.haircut.razor.clipper,Prank Sounds: Haircut & Taser,efeito de pegadinha,false,5,0,24,10,Unranked,unranked
com.prank.sound.airhorn.haircut.razor.clipper,Prank Sounds: Haircut & Taser,efeito sonoro engraçado de pegadinha,false,5,5,33,8,Unranked,unranked
com.prank.sound.airhorn.haircut.razor.clipper,Prank Sounds: Haircut & Taser,efeitos sonoros de brincadeira engraçados,false,5,0,7,15,Unranked,unranked
com.prank.sound.airhorn.haircut.razor.clipper,Prank Sounds: Haircut & Taser,efeitos sonoros de pegadinha,false,5,0,13,13,Unranked,unranked
com.prank.sound.airhorn.haircut.razor.clipper,Prank Sounds: Haircut & Taser,efeitos sonoros de peido,false,5,5,3,16,Unranked,unranked
com.prank.sound.airhorn.haircut.razor.clipper,Prank Sounds: Haircut & Taser,efeitos sonoros de peido engraçados,false,5,5,9,14,Unranked,unranked
com.prank.sound.airhorn.haircut.razor.clipper,Prank Sounds: Haircut & Taser,efeitos sonoros engraçados de pegadinha,false,5,5,19,11,Unranked,unranked
com.prank.sound.airhorn.haircut.razor.clipper,Prank Sounds: Haircut & Taser,enjoy prank sounds,false,5,5,9,14,11,ranked
